Date,Sleep Score,Duration,Bedtime,Waketime,Steps,Stress,Alcohol,Caffeine,Water
2020-04-21,78.0,24840.0,2020-04-21 06:14:36+00:00,2020-04-21 13:08:36+00:00,10195.0,83.0,0.0,358.78999999999996,2569.55
2020-04-22,90.0,30660.0,2020-04-22 04:31:02+00:00,2020-04-22 13:02:02+00:00,6701.0,86.0,0.0,356.39,2417.9600000000005
2020-04-23,73.0,26820.0,2020-04-23 06:04:43+00:00,2020-04-23 13:31:43+00:00,7986.0,85.0,0.0,286.89000000000004,2090.5099999999998
2020-04-24,81.0,30120.0,2020-04-24 04:45:46+00:00,2020-04-24 13:07:46+00:00,7305.0,86.0,0.0,431.35,2240.84
2020-04-25,72.0,22140.0,2020-04-25 06:41:39+00:00,2020-04-25 12:50:39+00:00,11572.0,86.0,0.0,355.2,2395.7000000000003
2020-04-26,89.0,35400.0,2020-04-26 04:39:29+00:00,2020-04-26 14:29:29+00:00,10684.0,87.0,0.0,2.15,1475.4800000000002
2020-04-28,75.0,28020.0,2020-04-28 04:50:31+00:00,2020-04-28 12:37:31+00:00,5578.0,86.0,0.0,357.34999999999997,1963.39
2020-04-29,77.0,26400.0,2020-04-29 05:45:13+00:00,2020-04-29 13:05:13+00:00,9104.0,85.0,0.0,213.12,2218.68
2020-04-30,83.0,26220.0,2020-04-30 05:45:33+00:00,2020-04-30 13:02:33+00:00,6448.0,84.0,0.0,355.2,2875.62
2020-05-01,88.0,27660.0,2020-05-01 05:26:01+00:00,2020-05-01 13:07:01+00:00,7893.0,85.0,0.0,355.2,1983.9
2020-05-02,89.0,31260.0,2020-05-02 05:57:45+00:00,2020-05-02 14:38:45+00:00,12421.0,88.0,0.0,284.16,2025.0000000000002
2020-05-06,87.0,27000.0,2020-05-06 05:29:52+00:00,2020-05-06 12:59:52+00:00,4629.0,84.0,0.0,497.28,2676.17
2020-05-07,82.0,28680.0,2020-05-07 05:44:23+00:00,2020-05-07 13:42:23+00:00,3245.0,83.0,0.0,568.32,2690.7100000000005
2020-05-08,83.0,26220.0,2020-05-08 05:57:33+00:00,2020-05-08 13:14:33+00:00,6791.0,86.0,0.0,568.3199999999999,3031.7500000000005
2020-05-09,85.0,32820.0,2020-05-09 05:02:05+00:00,2020-05-09 14:09:05+00:00,17115.0,85.0,0.0,426.24,2838.0800000000004
2020-05-10,90.0,28680.0,2020-05-10 05:45:29+00:00,2020-05-10 13:43:29+00:00,12472.0,81.0,0.0,357.78,1890.5900000000004
2020-05-11,86.0,32340.0,2020-05-11 04:30:33+00:00,2020-05-11 13:29:33+00:00,8469.0,82.0,0.0,284.16,2490.7700000000004
2020-05-12,82.0,27840.0,2020-05-12 05:24:08+00:00,2020-05-12 13:08:08+00:00,7954.0,86.0,0.0,426.24,2527.75
2020-05-13,87.0,28740.0,2020-05-13 04:56:29+00:00,2020-05-13 12:55:29+00:00,5689.0,88.0,0.0,355.2,1996.3100000000004
2020-05-14,74.0,25680.0,2020-05-14 05:55:30+00:00,2020-05-14 13:03:30+00:00,4730.0,89.0,0.0,426.24,2610.76
2020-05-15,78.0,25680.0,2020-05-15 05:47:31+00:00,2020-05-15 12:55:31+00:00,8872.0,88.0,0.0,355.2,1798.2099999999998
2020-05-16,87.0,38100.0,2020-05-16 05:00:48+00:00,2020-05-16 15:35:48+00:00,12723.0,87.0,0.0,142.08,1869.23
2020-05-17,91.0,31920.0,2020-05-17 05:19:31+00:00,2020-05-17 14:11:31+00:00,12630.0,87.0,0.0,326.78,1306.19
2020-05-18,94.0,29040.0,2020-05-18 04:58:31+00:00,2020-05-18 13:02:31+00:00,4610.0,88.0,0.0,568.32,3050.79
2020-05-19,77.0,28860.0,2020-05-19 05:02:54+00:00,2020-05-19 13:03:54+00:00,5855.0,88.0,0.0,356.67,1827.29
2020-05-20,88.0,28740.0,2020-05-20 05:09:03+00:00,2020-05-20 13:08:03+00:00,4057.0,89.0,0.0,426.24,2377.02
2020-05-21,76.0,20160.0,2020-05-21 07:36:59+00:00,2020-05-21 13:12:59+00:00,12631.0,85.0,0.0,284.16,1250.91
2020-05-25,77.0,25740.0,2020-05-25 05:08:59+00:00,2020-05-25 12:17:59+00:00,13570.0,89.0,0.0,284.16,1937.08
2020-05-26,88.0,32400.0,2020-05-26 03:31:30+00:00,2020-05-26 12:31:30+00:00,8708.0,92.0,0.0,355.2,1917.6800000000005
2020-05-27,70.0,25860.0,2020-05-27 05:22:39+00:00,2020-05-27 12:33:39+00:00,10776.0,93.0,0.0,568.32,3216.4800000000005
2020-05-28,78.0,27960.0,2020-05-28 04:39:29+00:00,2020-05-28 12:25:29+00:00,7547.0,95.0,0.0,426.24,2143.89
2020-05-29,69.0,28980.0,2020-05-29 05:00:32+00:00,2020-05-29 13:03:32+00:00,12980.0,97.0,0.0,639.36,3203.04
2020-05-30,87.0,33180.0,2020-05-30 05:00:51+00:00,2020-05-30 14:13:51+00:00,12394.0,98.0,0.0,390.72,1669.99
2020-06-02,85.0,25560.0,2020-06-02 05:40:29+00:00,2020-06-02 12:46:29+00:00,12996.0,99.0,0.0,426.24,2514.02
2020-06-03,75.0,27180.0,2020-06-03 05:12:51+00:00,2020-06-03 12:45:51+00:00,7370.0,95.0,0.0,497.28,2450.61
2020-06-04,87.0,27840.0,2020-06-04 05:05:54+00:00,2020-06-04 12:49:54+00:00,8727.0,94.0,0.0,426.24,2250.94
2020-06-05,88.0,25500.0,2020-06-05 05:43:27+00:00,2020-06-05 12:48:27+00:00,8672.0,87.0,0.0,426.24,2471.98
2020-06-06,76.0,27600.0,2020-06-06 05:51:10+00:00,2020-06-06 13:31:10+00:00,10815.0,89.0,0.0,426.24,1957.9
2020-06-07,87.0,31140.0,2020-06-07 05:10:23+00:00,2020-06-07 13:49:23+00:00,15488.0,91.0,0.0,426.24,2313.7699999999995
2020-06-08,91.0,28320.0,2020-06-08 04:38:02+00:00,2020-06-08 12:30:02+00:00,10917.0,88.0,0.0,497.28,2767.3600000000006
2020-06-09,75.0,26940.0,2020-06-09 05:09:33+00:00,2020-06-09 12:38:33+00:00,11311.0,89.0,0.0,525.7,2662.9799999999996
2020-06-10,73.0,28020.0,2020-06-10 05:01:36+00:00,2020-06-10 12:48:36+00:00,8362.0,88.0,0.0,426.24,2826.31
2020-06-11,82.0,26040.0,2020-06-11 05:31:01+00:00,2020-06-11 12:45:01+00:00,12902.0,88.0,0.0,426.24,2322.8199999999997
2020-06-13,87.0,30720.0,2020-06-13 05:00:13+00:00,2020-06-13 13:32:13+00:00,14832.0,82.0,13.049999999999999,288.38000000000005,1451.7000000000003
2020-06-14,86.0,27720.0,2020-06-14 06:19:38+00:00,2020-06-14 14:01:38+00:00,15632.0,88.0,0.03,289.08000000000004,1983.4800000000002
2020-06-15,81.0,26760.0,2020-06-15 04:58:01+00:00,2020-06-15 12:24:01+00:00,9842.0,86.0,0.0,497.28,2468.3799999999997
2020-06-16,70.0,27660.0,2020-06-16 04:44:12+00:00,2020-06-16 12:25:12+00:00,8179.0,87.0,0.06,619.37,2618.859999999999
2020-06-19,81.0,25860.0,2020-06-19 05:31:41+00:00,2020-06-19 12:42:41+00:00,11640.0,75.0,0.0,426.24,1781.93
2020-06-20,85.0,31680.0,2020-06-20 05:35:13+00:00,2020-06-20 14:23:13+00:00,6434.0,81.0,0.0,426.24,1959.9899999999998
2020-06-22,65.0,22740.0,2020-06-22 06:22:01+00:00,2020-06-22 12:41:01+00:00,7518.0,73.0,0.0,426.24,2026.7599999999995
2020-06-24,86.0,30420.0,2020-06-24 04:47:14+00:00,2020-06-24 13:14:14+00:00,10688.0,68.0,0.0,442.69,2704.8199999999997
2020-06-25,82.0,26340.0,2020-06-25 05:58:01+00:00,2020-06-25 13:17:01+00:00,11843.0,72.0,0.0,426.24,1990.3699999999997
2020-06-28,77.0,31860.0,2020-06-28 05:08:02+00:00,2020-06-28 13:59:02+00:00,16623.0,93.0,13.07,284.16,1019.31
2020-06-29,81.0,27240.0,2020-06-29 05:02:30+00:00,2020-06-29 12:36:30+00:00,5421.0,94.0,0.0,284.16,1568.5000000000005
2020-07-01,90.0,29220.0,2020-07-01 04:37:44+00:00,2020-07-01 12:44:44+00:00,10975.0,96.0,0.0,429.57,2663.8700000000003
2020-07-02,86.0,34080.0,2020-07-02 04:21:49+00:00,2020-07-02 13:49:49+00:00,18782.0,99.0,0.0,431.24,2454.9300000000003
2020-07-04,84.0,28980.0,2020-07-04 05:38:33+00:00,2020-07-04 13:41:33+00:00,25074.0,94.0,0.0,355.2,1885.3400000000001
2020-07-06,79.0,24000.0,2020-07-06 06:06:29+00:00,2020-07-06 12:46:29+00:00,12277.0,97.0,0.0,426.24,2459.689999999999
2020-07-07,78.0,25980.0,2020-07-07 05:34:32+00:00,2020-07-07 12:47:32+00:00,14884.0,98.0,0.0,568.32,2648.2100000000005
2020-07-08,86.0,28620.0,2020-07-08 04:49:31+00:00,2020-07-08 12:46:31+00:00,13433.0,99.0,0.0,710.4,3456.06
2020-07-09,71.0,24480.0,2020-07-09 05:43:29+00:00,2020-07-09 12:31:29+00:00,11614.0,100.0,0.08,721.65,3203.3700000000003
2020-07-10,85.0,28740.0,2020-07-10 04:51:33+00:00,2020-07-10 12:50:33+00:00,13270.0,100.0,0.04,147.70000000000002,1806.35
2020-07-11,80.0,28320.0,2020-07-11 05:38:14+00:00,2020-07-11 13:30:14+00:00,16514.0,100.0,0.04,573.94,2640.94
2020-07-12,81.0,29220.0,2020-07-12 04:29:04+00:00,2020-07-12 12:36:04+00:00,19713.0,96.0,0.0,710.4,3615.65
2020-07-13,78.0,25320.0,2020-07-13 05:24:48+00:00,2020-07-13 12:26:48+00:00,8266.0,95.0,0.0,710.4,2852.47
2020-07-14,88.0,27540.0,2020-07-14 04:54:29+00:00,2020-07-14 12:33:29+00:00,10588.0,93.0,0.0,710.4,2999.2499999999995
2020-07-15,83.0,25740.0,2020-07-15 05:33:33+00:00,2020-07-15 12:42:33+00:00,7287.0,90.0,0.0,710.4,3590.78
2020-07-16,77.0,26280.0,2020-07-16 05:23:46+00:00,2020-07-16 12:41:46+00:00,10921.0,86.0,0.0,710.4,3264.5299999999997
2020-07-17,83.0,25500.0,2020-07-17 05:49:30+00:00,2020-07-17 12:54:30+00:00,12376.0,78.0,0.02,571.84,2854.5499999999993
2020-07-18,86.0,29460.0,2020-07-18 05:35:43+00:00,2020-07-18 13:46:43+00:00,11418.0,66.0,0.0,568.32,2723.6499999999996
2020-07-19,90.0,30840.0,2020-07-19 05:01:13+00:00,2020-07-19 13:35:13+00:00,13805.0,65.0,0.0,426.24,1612.7
2020-07-20,80.0,28680.0,2020-07-20 04:12:02+00:00,2020-07-20 12:10:02+00:00,10762.0,65.0,0.0,852.48,3773.77
2020-07-21,80.0,26400.0,2020-07-21 05:15:00+00:00,2020-07-21 12:35:00+00:00,10386.0,65.0,0.0,710.4,3191.0399999999995
2020-07-22,88.0,27840.0,2020-07-22 04:45:23+00:00,2020-07-22 12:29:23+00:00,10185.0,65.0,0.0,852.48,3698.5399999999995
2020-07-23,83.0,25020.0,2020-07-23 05:20:02+00:00,2020-07-23 12:17:02+00:00,10808.0,68.0,0.0,710.4,3699.8399999999992
2020-07-24,82.0,25260.0,2020-07-24 05:34:00+00:00,2020-07-24 12:35:00+00:00,9705.0,65.0,0.05,859.51,3470.21
2020-07-25,77.0,26400.0,2020-07-25 06:07:00+00:00,2020-07-25 13:27:00+00:00,18540.0,65.0,0.03,430.18,2568.5899999999997
2020-07-26,81.0,28260.0,2020-07-26 05:18:02+00:00,2020-07-26 13:09:02+00:00,17960.0,70.0,0.0,710.4,3683.220000000001
2020-07-27,83.0,27060.0,2020-07-27 05:00:52+00:00,2020-07-27 12:31:52+00:00,10493.0,78.0,0.01,857.51,3795.1299999999997
2020-07-28,89.0,27660.0,2020-07-28 04:56:54+00:00,2020-07-28 12:37:54+00:00,15825.0,79.0,0.0,852.48,3670.7599999999993
2020-07-29,84.0,28140.0,2020-07-29 04:44:19+00:00,2020-07-29 12:33:19+00:00,8074.0,85.0,0.0,852.48,3199.229999999999
2020-07-30,79.0,29520.0,2020-07-30 04:27:55+00:00,2020-07-30 12:39:55+00:00,12083.0,86.0,0.0,781.44,3367.2799999999997
2020-07-31,84.0,27600.0,2020-07-31 04:56:57+00:00,2020-07-31 12:36:57+00:00,13551.0,86.0,0.0,852.48,3805.2999999999993
2020-08-01,85.0,31200.0,2020-08-01 04:22:43+00:00,2020-08-01 13:02:43+00:00,6057.0,85.0,0.0,710.4,3204.73
2020-08-02,82.0,28380.0,2020-08-02 04:56:07+00:00,2020-08-02 12:49:07+00:00,10052.0,86.0,33.06,497.28,2367.18
2020-08-03,78.0,25800.0,2020-08-03 05:31:39+00:00,2020-08-03 12:41:39+00:00,9503.0,86.0,0.0,852.48,4188.73
2020-08-04,82.0,26280.0,2020-08-04 05:17:31+00:00,2020-08-04 12:35:31+00:00,11835.0,86.0,0.0,1278.72,4513.08
2020-08-05,75.0,26100.0,2020-08-05 05:28:30+00:00,2020-08-05 12:43:30+00:00,13733.0,85.0,0.0,568.32,2647.4099999999994
2020-08-06,80.0,28140.0,2020-08-06 04:47:29+00:00,2020-08-06 12:36:29+00:00,10562.0,86.0,0.0,994.56,3924.11
2020-08-08,86.0,33840.0,2020-08-08 04:45:21+00:00,2020-08-08 14:09:21+00:00,16040.0,85.0,0.0,852.48,3325.8399999999997
2020-08-09,92.0,36660.0,2020-08-09 04:01:45+00:00,2020-08-09 14:12:45+00:00,21823.0,83.0,0.0,568.32,3036.55
2020-08-10,86.0,27180.0,2020-08-10 04:58:29+00:00,2020-08-10 12:31:29+00:00,8913.0,87.0,0.0,852.48,3746.8100000000004
2020-08-11,86.0,26640.0,2020-08-11 05:06:53+00:00,2020-08-11 12:30:53+00:00,11864.0,88.0,0.0,857.41,3658.4199999999996
2020-08-12,79.0,27360.0,2020-08-12 04:56:01+00:00,2020-08-12 12:32:01+00:00,9365.0,90.0,0.0,852.48,3489.1100000000006
2020-08-13,80.0,30660.0,2020-08-13 04:40:04+00:00,2020-08-13 13:11:04+00:00,9964.0,91.0,0.0,852.48,3332.0700000000006
2020-08-14,86.0,29580.0,2020-08-14 04:51:14+00:00,2020-08-14 13:04:14+00:00,15234.0,87.0,0.0,852.48,3215.19
2020-08-15,84.0,26760.0,2020-08-15 05:58:38+00:00,2020-08-15 13:24:38+00:00,13356.0,86.0,0.0,710.4,2675.8699999999994
2020-08-16,88.0,31920.0,2020-08-16 04:42:30+00:00,2020-08-16 13:34:30+00:00,17731.0,83.0,0.0,710.4,3052.3699999999994
2020-08-17,84.0,26220.0,2020-08-17 05:14:28+00:00,2020-08-17 12:31:28+00:00,11143.0,81.0,0.0,852.48,3807.7199999999993
2020-08-18,82.0,27720.0,2020-08-18 04:53:20+00:00,2020-08-18 12:35:20+00:00,11018.0,85.0,0.0,852.48,3541.359999999999
2020-08-19,84.0,26880.0,2020-08-19 05:02:50+00:00,2020-08-19 12:30:50+00:00,13911.0,86.0,0.0,852.48,3576.02
2020-08-20,83.0,31200.0,2020-08-20 04:23:05+00:00,2020-08-20 13:03:05+00:00,9498.0,85.0,0.0,864.08,3477.7000000000007
2020-08-21,80.0,26640.0,2020-08-21 05:06:33+00:00,2020-08-21 12:30:33+00:00,10455.0,82.0,0.0,852.48,3429.6600000000003
2020-08-22,77.0,23760.0,2020-08-22 07:13:52+00:00,2020-08-22 13:49:52+00:00,27047.0,80.0,0.0,426.24,2706.5600000000004
2020-08-23,92.0,31140.0,2020-08-23 05:10:18+00:00,2020-08-23 13:49:18+00:00,14524.0,82.0,0.0,852.48,2993.6000000000004
2020-08-24,79.0,26340.0,2020-08-24 05:24:56+00:00,2020-08-24 12:43:56+00:00,8686.0,74.0,0.0,852.48,3240.090000000001
2020-08-25,86.0,28980.0,2020-08-25 04:37:35+00:00,2020-08-25 12:40:35+00:00,8715.0,86.0,0.0,852.48,4038.57
2020-08-26,84.0,30240.0,2020-08-26 05:01:33+00:00,2020-08-26 13:25:33+00:00,11336.0,86.0,0.0,568.32,2794.2599999999998
2020-08-27,88.0,30000.0,2020-08-27 04:23:45+00:00,2020-08-27 12:43:45+00:00,11261.0,88.0,0.0,852.48,3492.56
2020-08-28,80.0,27660.0,2020-08-28 04:55:35+00:00,2020-08-28 12:36:35+00:00,12898.0,89.0,0.0,852.48,3280.17
2020-08-29,71.0,29160.0,2020-08-29 05:32:13+00:00,2020-08-29 13:38:13+00:00,15232.0,88.0,0.43,568.32,2390.8
2020-08-30,85.0,31620.0,2020-08-30 05:08:06+00:00,2020-08-30 13:55:06+00:00,12558.0,86.0,0.0,568.32,2185.73
2020-08-31,84.0,28260.0,2020-08-31 04:50:52+00:00,2020-08-31 12:41:52+00:00,11043.0,87.0,0.06,860.9200000000001,3464.0200000000004
2020-09-01,89.0,27360.0,2020-09-01 05:02:59+00:00,2020-09-01 12:38:59+00:00,15175.0,87.0,0.08,863.72,3429.080000000001
2020-09-03,87.0,25320.0,2020-09-03 05:39:33+00:00,2020-09-03 12:41:33+00:00,8616.0,86.0,0.0,994.5600000000001,3873.0299999999997
2020-09-05,83.0,28800.0,2020-09-05 05:15:30+00:00,2020-09-05 13:15:30+00:00,14303.0,86.0,0.3,568.32,2931.8
2020-09-06,84.0,31320.0,2020-09-06 05:15:44+00:00,2020-09-06 13:57:44+00:00,12882.0,87.0,0.0,497.28,3862.06
2020-09-07,76.0,24960.0,2020-09-07 06:27:39+00:00,2020-09-07 13:23:39+00:00,10532.0,86.0,0.0,497.28,2127.96
2020-09-08,77.0,27060.0,2020-09-08 05:07:30+00:00,2020-09-08 12:38:30+00:00,8227.0,87.0,0.04,502.9,2694.1299999999997
2020-09-09,81.0,29580.0,2020-09-09 04:36:15+00:00,2020-09-09 12:49:15+00:00,8990.0,87.0,0.06,889.3299999999999,4582.85
2020-09-11,81.0,26760.0,2020-09-11 05:23:58+00:00,2020-09-11 12:49:58+00:00,11432.0,89.0,0.0,852.48,4021.6800000000003
2020-09-12,88.0,29340.0,2020-09-12 05:21:02+00:00,2020-09-12 13:30:02+00:00,18784.0,89.0,0.0,568.32,3456.99
2020-09-13,86.0,25560.0,2020-09-13 06:11:05+00:00,2020-09-13 13:17:05+00:00,14744.0,89.0,0.0,568.32,2092.12
2020-09-14,88.0,28740.0,2020-09-14 04:52:59+00:00,2020-09-14 12:51:59+00:00,11734.0,88.0,0.0,738.82,4004.7200000000003
2020-09-16,81.0,27540.0,2020-09-16 05:29:37+00:00,2020-09-16 13:08:37+00:00,7950.0,88.0,0.0,225.0,1398.22
2020-09-17,80.0,28500.0,2020-09-17 05:15:32+00:00,2020-09-17 13:10:32+00:00,6619.0,89.0,0.0,286.31,2325.92
2020-09-18,82.0,25980.0,2020-09-18 05:28:58+00:00,2020-09-18 12:41:58+00:00,11239.0,89.0,0.0,852.48,3357.27
2020-09-19,93.0,33480.0,2020-09-19 04:50:49+00:00,2020-09-19 14:08:49+00:00,16843.0,89.0,0.0,568.32,3243.4000000000005
2020-09-20,88.0,27060.0,2020-09-20 05:39:57+00:00,2020-09-20 13:10:57+00:00,10696.0,87.0,0.0,568.32,2734.350000000001
2020-09-21,83.0,26940.0,2020-09-21 05:12:49+00:00,2020-09-21 12:41:49+00:00,10308.0,74.0,0.01,854.59,3175.47
2020-09-22,85.0,30000.0,2020-09-22 05:05:42+00:00,2020-09-22 13:25:42+00:00,6060.0,66.0,0.0,852.48,3423.3499999999995
2020-09-23,83.0,27180.0,2020-09-23 04:52:01+00:00,2020-09-23 12:25:01+00:00,10721.0,72.0,0.0,852.48,2869.85
2020-09-24,87.0,25980.0,2020-09-24 05:28:26+00:00,2020-09-24 12:41:26+00:00,12746.0,63.0,0.01,854.59,3626.9700000000003
2020-09-25,78.0,26280.0,2020-09-25 05:22:32+00:00,2020-09-25 12:40:32+00:00,11120.0,60.0,0.01,854.59,3913.0299999999997
2020-09-26,89.0,30420.0,2020-09-26 05:10:27+00:00,2020-09-26 13:37:27+00:00,11290.0,66.0,0.01,570.4300000000001,2854.490000000001
2020-09-27,84.0,33900.0,2020-09-27 04:19:29+00:00,2020-09-27 13:44:29+00:00,16137.0,67.0,0.0,852.48,3039.6299999999997
2020-09-29,82.0,26100.0,2020-09-29 05:25:57+00:00,2020-09-29 12:40:57+00:00,9603.0,64.0,0.03,856.7,3242.6999999999994
2020-10-01,81.0,27720.0,2020-10-01 05:01:38+00:00,2020-10-01 12:43:38+00:00,9366.0,68.0,0.32,852.48,3424.2499999999995
2020-10-03,75.0,27420.0,2020-10-03 05:54:47+00:00,2020-10-03 13:31:47+00:00,21191.0,85.0,0.0,568.32,2763.43
2020-10-04,91.0,31320.0,2020-10-04 04:50:23+00:00,2020-10-04 13:32:23+00:00,11311.0,87.0,0.0,852.48,2876.6899999999996
2020-10-05,74.0,25620.0,2020-10-05 05:39:16+00:00,2020-10-05 12:46:16+00:00,11429.0,88.0,0.0,568.32,2915.2199999999993
2020-10-06,82.0,27360.0,2020-10-06 04:29:31+00:00,2020-10-06 12:05:31+00:00,7193.0,86.0,0.0,852.48,3473.669999999999
2020-10-07,81.0,26280.0,2020-10-07 05:23:28+00:00,2020-10-07 12:41:28+00:00,9760.0,86.0,0.0,568.32,2463.7000000000003
2020-10-10,91.0,36060.0,2020-10-10 05:28:27+00:00,2020-10-10 15:29:27+00:00,11817.0,85.0,0.04,289.78000000000003,1703.8000000000002
2020-10-11,84.0,36900.0,2020-10-11 05:04:32+00:00,2020-10-11 15:19:32+00:00,10274.0,87.0,0.0,284.16,1160.23
2020-10-12,83.0,26340.0,2020-10-12 05:32:17+00:00,2020-10-12 12:51:17+00:00,7024.0,89.0,0.0,781.44,3553.8400000000006
2020-10-13,77.0,26460.0,2020-10-13 05:25:35+00:00,2020-10-13 12:46:35+00:00,12913.0,86.0,0.0,568.32,2358.26
2020-10-14,89.0,32220.0,2020-10-14 04:56:09+00:00,2020-10-14 13:53:09+00:00,8172.0,87.0,0.0,710.4,2971.3600000000006
2020-10-15,81.0,28980.0,2020-10-15 05:01:03+00:00,2020-10-15 13:04:03+00:00,10872.0,83.0,0.0,710.4,3305.8999999999996
2020-10-16,86.0,28800.0,2020-10-16 04:38:02+00:00,2020-10-16 12:38:02+00:00,11224.0,84.0,0.43,852.48,3421.9499999999994
2020-10-17,92.0,35760.0,2020-10-17 04:28:54+00:00,2020-10-17 14:24:54+00:00,15215.0,84.0,0.0,284.16,2502.04
2020-10-18,94.0,35640.0,2020-10-18 04:34:49+00:00,2020-10-18 14:28:49+00:00,15093.0,86.0,0.0,426.24,2238.3300000000004
2020-10-19,84.0,28080.0,2020-10-19 05:01:17+00:00,2020-10-19 12:49:17+00:00,7732.0,90.0,0.0,852.48,3371.1999999999994
2020-10-20,83.0,28620.0,2020-10-20 05:19:05+00:00,2020-10-20 13:16:05+00:00,10868.0,88.0,0.06,860.9200000000001,3514.0899999999992
2020-10-21,87.0,27780.0,2020-10-21 05:03:18+00:00,2020-10-21 12:46:18+00:00,9543.0,90.0,0.04,858.1,3467.9199999999996
2020-10-22,87.0,27900.0,2020-10-22 04:57:14+00:00,2020-10-22 12:42:14+00:00,14625.0,89.0,0.0,852.48,3266.4099999999994
2020-10-23,84.0,32220.0,2020-10-23 04:52:01+00:00,2020-10-23 13:49:01+00:00,7989.0,91.0,0.0,852.48,3956.7499999999995
2020-10-24,91.0,37980.0,2020-10-24 04:45:41+00:00,2020-10-24 15:18:41+00:00,13064.0,91.0,0.0,426.24,2417.87
2020-10-25,78.0,37020.0,2020-10-25 04:53:47+00:00,2020-10-25 15:10:47+00:00,13464.0,90.0,0.0,568.32,2774.8300000000004
2020-10-26,88.0,28440.0,2020-10-26 04:47:53+00:00,2020-10-26 12:41:53+00:00,10952.0,89.0,0.0,852.48,3376.91
2020-10-28,84.0,23640.0,2020-10-28 06:22:58+00:00,2020-10-28 12:56:58+00:00,7411.0,89.0,0.0,568.32,2207.03
2020-10-30,76.0,25560.0,2020-10-30 05:38:59+00:00,2020-10-30 12:44:59+00:00,11197.0,80.0,0.17,710.4,3409.1399999999994
2020-10-31,90.0,35640.0,2020-10-31 05:20:31+00:00,2020-10-31 15:14:31+00:00,10579.0,75.0,0.0,571.2600000000001,2678.0699999999997
2020-11-01,85.0,31320.0,2020-11-01 06:09:13+00:00,2020-11-01 14:51:13+00:00,12566.0,77.0,0.04,576.07,2401.610000000001
2020-11-02,86.0,27660.0,2020-11-02 06:05:09+00:00,2020-11-02 13:46:09+00:00,9904.0,83.0,0.0,852.48,3727.97
2020-11-03,90.0,29640.0,2020-11-03 05:33:37+00:00,2020-11-03 13:47:37+00:00,10986.0,75.0,0.0,581.25,2742.86
2020-11-04,82.0,26460.0,2020-11-04 06:56:32+00:00,2020-11-04 14:17:32+00:00,10235.0,82.0,0.0,568.32,2226.3
2020-11-05,87.0,27900.0,2020-11-05 06:00:22+00:00,2020-11-05 13:45:22+00:00,8263.0,85.0,0.0,574.1700000000001,2195.98
2020-11-07,78.0,27900.0,2020-11-07 07:06:32+00:00,2020-11-07 14:51:32+00:00,6905.0,86.0,0.0,237.27,1041.3600000000001
2020-11-08,87.0,30900.0,2020-11-08 05:35:06+00:00,2020-11-08 14:10:06+00:00,10600.0,83.0,0.02,310.66,3162.0300000000007
2020-11-09,82.0,27960.0,2020-11-09 05:14:32+00:00,2020-11-09 13:00:32+00:00,5019.0,84.0,0.0,355.21,2076.81
2020-11-10,82.0,25140.0,2020-11-10 06:57:29+00:00,2020-11-10 13:56:29+00:00,10708.0,78.0,0.0,236.8,2125.4600000000005
2020-11-11,88.0,32580.0,2020-11-11 04:28:28+00:00,2020-11-11 13:31:28+00:00,14187.0,73.0,0.0,355.21,2523.8999999999996
2020-11-12,91.0,27960.0,2020-11-12 05:56:30+00:00,2020-11-12 13:42:30+00:00,11668.0,77.0,0.0,355.21,1745.6200000000001
2020-11-13,77.0,25080.0,2020-11-13 06:34:14+00:00,2020-11-13 13:32:14+00:00,12661.0,79.0,0.0,355.21,1770.32
2020-11-15,89.0,27360.0,2020-11-15 06:46:37+00:00,2020-11-15 14:22:37+00:00,15512.0,74.0,0.0,236.8,1391.8200000000002
2020-11-17,85.0,26460.0,2020-11-17 06:27:28+00:00,2020-11-17 13:48:28+00:00,9163.0,74.0,0.0,355.21,2537.85
2020-11-18,87.0,26460.0,2020-11-18 06:05:41+00:00,2020-11-18 13:26:41+00:00,8060.0,75.0,0.0,236.8,1534.13
2020-11-19,83.0,27840.0,2020-11-19 06:07:54+00:00,2020-11-19 13:51:54+00:00,8078.0,69.0,0.0,366.54999999999995,2200.1300000000006
2020-11-20,90.0,28080.0,2020-11-20 05:59:43+00:00,2020-11-20 13:47:43+00:00,10548.0,74.0,0.0,236.8,2202.42
2020-11-21,88.0,28800.0,2020-11-21 06:38:13+00:00,2020-11-21 14:38:13+00:00,21606.0,76.0,0.0,236.8,2437.9700000000003
2020-11-22,92.0,31260.0,2020-11-22 06:00:53+00:00,2020-11-22 14:41:53+00:00,14446.0,76.0,0.0,355.21,2536.230000000001
2020-11-23,83.0,27780.0,2020-11-23 05:53:46+00:00,2020-11-23 13:36:46+00:00,8468.0,77.0,0.0,473.61,2841.7299999999996
2020-11-24,91.0,29340.0,2020-11-24 05:37:38+00:00,2020-11-24 13:46:38+00:00,10046.0,76.0,0.0,213.12,2277.56
2020-11-25,88.0,26460.0,2020-11-25 06:25:08+00:00,2020-11-25 13:46:08+00:00,10854.0,79.0,0.0,355.21,1891.73
2020-11-27,80.0,35040.0,2020-11-27 05:18:54+00:00,2020-11-27 15:02:54+00:00,12774.0,77.0,0.0,355.64,2579.2300000000005
2020-11-29,78.0,23280.0,2020-11-29 06:57:37+00:00,2020-11-29 13:25:37+00:00,17946.0,87.0,0.0,473.61,2161.88
2020-11-30,91.0,28860.0,2020-11-30 05:22:14+00:00,2020-11-30 13:23:14+00:00,10581.0,84.0,0.0,355.21,2747.4100000000003
2020-12-02,80.0,29640.0,2020-12-02 05:17:37+00:00,2020-12-02 13:31:37+00:00,11338.0,87.0,0.0,148.85000000000002,1879.87
2020-12-03,84.0,30360.0,2020-12-03 05:52:25+00:00,2020-12-03 14:18:25+00:00,7583.0,89.0,0.02,417.22,2338.2700000000004
2020-12-04,87.0,26640.0,2020-12-04 06:22:23+00:00,2020-12-04 13:46:23+00:00,6754.0,89.0,0.0,414.41,2073.0299999999997
2020-12-05,92.0,32280.0,2020-12-05 05:51:01+00:00,2020-12-05 14:49:01+00:00,15094.0,90.0,0.01,244.53,1342.13
2020-12-06,83.0,44460.0,2020-12-06 03:44:51+00:00,2020-12-06 16:05:51+00:00,14249.0,91.0,0.0,119.77000000000001,1778.07
2020-12-07,94.0,29580.0,2020-12-07 05:33:33+00:00,2020-12-07 13:46:33+00:00,8117.0,90.0,0.0,236.8,1662.7900000000002
2020-12-08,89.0,28380.0,2020-12-08 05:53:23+00:00,2020-12-08 13:46:23+00:00,12453.0,90.0,0.0,355.21,2544.2100000000005
2020-12-09,90.0,28440.0,2020-12-09 05:52:49+00:00,2020-12-09 13:46:49+00:00,11145.0,89.0,0.03,357.95,1905.32
2020-12-11,85.0,28200.0,2020-12-11 05:56:38+00:00,2020-12-11 13:46:38+00:00,7818.0,88.0,0.0,355.21,3018.82
2020-12-12,86.0,29460.0,2020-12-12 06:26:31+00:00,2020-12-12 14:37:31+00:00,12047.0,80.0,0.05,236.8,1624.8400000000001
2020-12-13,82.0,31020.0,2020-12-13 07:18:35+00:00,2020-12-13 15:55:35+00:00,11772.0,78.0,0.0,236.8,1084.1299999999999
2020-12-14,83.0,27600.0,2020-12-14 06:01:30+00:00,2020-12-14 13:41:30+00:00,7410.0,74.0,0.0,355.21,2327.86
2020-12-15,81.0,28500.0,2020-12-15 05:46:25+00:00,2020-12-15 13:41:25+00:00,10942.0,70.0,0.0,355.21,2230.0000000000005
2020-12-16,90.0,27180.0,2020-12-16 06:08:20+00:00,2020-12-16 13:41:20+00:00,9397.0,69.0,0.0,355.20000000000005,2256.22
2020-12-17,86.0,28800.0,2020-12-17 05:40:47+00:00,2020-12-17 13:40:47+00:00,10376.0,71.0,0.0,402.57,3881.6499999999996
2020-12-18,90.0,29760.0,2020-12-18 05:25:23+00:00,2020-12-18 13:41:23+00:00,12946.0,68.0,0.0,284.17,2298.78
2020-12-19,92.0,33480.0,2020-12-19 05:51:24+00:00,2020-12-19 15:09:24+00:00,14432.0,69.0,0.0,142.08,2047.6000000000001
2020-12-20,90.0,30480.0,2020-12-20 06:52:24+00:00,2020-12-20 15:20:24+00:00,15943.0,73.0,0.0,23.68,1324.47
2020-12-21,90.0,28860.0,2020-12-21 06:00:34+00:00,2020-12-21 14:01:34+00:00,10640.0,79.0,0.0,355.21,2116.9200000000005
2020-12-22,92.0,29700.0,2020-12-22 05:52:25+00:00,2020-12-22 14:07:25+00:00,10644.0,78.0,0.0,142.08,1315.94
2020-12-23,90.0,29640.0,2020-12-23 06:04:43+00:00,2020-12-23 14:18:43+00:00,10056.0,85.0,0.0,355.21,2425.3400000000006
2020-12-26,81.0,27540.0,2020-12-26 06:37:07+00:00,2020-12-26 14:16:07+00:00,14947.0,88.0,0.17,243.59,2030.13
2020-12-27,87.0,27180.0,2020-12-27 07:01:26+00:00,2020-12-27 14:34:26+00:00,19473.0,87.0,0.0,355.21,1947.0900000000001
2020-12-29,86.0,28200.0,2020-12-29 06:18:36+00:00,2020-12-29 14:08:36+00:00,10314.0,89.0,0.0,236.8,1652.5400000000006
2021-01-01,83.0,29580.0,2021-01-01 09:15:30+00:00,2021-01-01 17:28:30+00:00,10637.0,76.0,0.0,303.5,1962.66
2021-01-03,92.0,30960.0,2021-01-03 06:31:39+00:00,2021-01-03 15:07:39+00:00,16577.0,75.0,0.0,284.17,2467.1300000000006
2021-01-04,84.0,26160.0,2021-01-04 06:21:07+00:00,2021-01-04 13:37:07+00:00,6147.0,79.0,0.0,426.25,2509.1200000000003
2021-01-05,78.0,25080.0,2021-01-05 06:21:33+00:00,2021-01-05 13:19:33+00:00,8132.0,85.0,0.0,355.21,2808.79
2021-01-06,86.0,29460.0,2021-01-06 05:33:04+00:00,2021-01-06 13:44:04+00:00,11233.0,86.0,0.0,426.25,2706.8999999999996
2021-01-07,87.0,28920.0,2021-01-07 05:29:31+00:00,2021-01-07 13:31:31+00:00,6595.0,85.0,0.09,426.25,2957.81
2021-01-08,84.0,26220.0,2021-01-08 06:14:17+00:00,2021-01-08 13:31:17+00:00,7297.0,83.0,0.05,284.17,2595.7200000000003
2021-01-10,44.0,22620.0,2021-01-10 17:40:32+00:00,2021-01-10 23:57:32+00:00,3109.0,88.0,0.0,0.0,405.71999999999997
2021-01-11,87.0,33480.0,2021-01-11 04:58:27+00:00,2021-01-11 14:16:27+00:00,3814.0,73.0,0.0,289.22,3712.4100000000003
2021-01-12,83.0,30900.0,2021-01-12 05:48:00+00:00,2021-01-12 14:23:00+00:00,4923.0,71.0,0.0,288.7,1674.3200000000004
2021-01-13,87.0,26580.0,2021-01-13 06:29:20+00:00,2021-01-13 13:52:20+00:00,8436.0,65.0,0.0,143.95000000000002,1732.97
2021-01-15,75.0,30780.0,2021-01-15 05:48:30+00:00,2021-01-15 14:21:30+00:00,5005.0,60.0,0.0,355.21,2085.95
2021-01-19,89.0,28440.0,2021-01-19 05:52:55+00:00,2021-01-19 13:46:55+00:00,6814.0,60.0,0.0,355.21,2622.7200000000003
2021-01-20,89.0,27060.0,2021-01-20 06:07:00+00:00,2021-01-20 13:38:00+00:00,8124.0,60.0,0.0,359.77,2568.710000000001
2021-01-21,92.0,31680.0,2021-01-21 05:02:13+00:00,2021-01-21 13:50:13+00:00,8065.0,57.0,0.0,433.74,2303.600000000001
2021-01-22,81.0,25620.0,2021-01-22 06:41:25+00:00,2021-01-22 13:48:25+00:00,9328.0,68.0,0.0,426.25,2346.62
2021-01-25,90.0,31080.0,2021-01-25 05:32:00+00:00,2021-01-25 14:10:00+00:00,6830.0,65.0,0.08,484.85,2999.890000000001
2021-01-26,89.0,29760.0,2021-01-26 06:01:15+00:00,2021-01-26 14:17:15+00:00,8489.0,67.0,0.0,355.21,2535.4999999999995
2021-01-28,85.0,30360.0,2021-01-28 05:36:32+00:00,2021-01-28 14:02:32+00:00,12947.0,66.0,0.29,366.40999999999997,3477.9700000000003
2021-01-29,87.0,29160.0,2021-01-29 06:13:22+00:00,2021-01-29 14:19:22+00:00,4657.0,69.0,0.0,355.21,2109.84
2021-01-30,85.0,29400.0,2021-01-30 06:43:29+00:00,2021-01-30 14:53:29+00:00,14125.0,74.0,0.0,236.8,1262.28
2021-01-31,88.0,29100.0,2021-01-31 06:45:49+00:00,2021-01-31 14:50:49+00:00,16278.0,81.0,0.06,245.24,2548.0100000000007
2021-02-01,87.0,29280.0,2021-02-01 05:52:29+00:00,2021-02-01 14:00:29+00:00,9424.0,86.0,0.0,236.8,2356.8
2021-02-02,87.0,30720.0,2021-02-02 05:15:30+00:00,2021-02-02 13:47:30+00:00,11987.0,86.0,0.03,359.43,2674.850000000001
2021-02-04,88.0,26100.0,2021-02-04 06:32:31+00:00,2021-02-04 13:47:31+00:00,10836.0,88.0,0.0,544.65,4024.9400000000005
2021-02-10,84.0,26520.0,2021-02-10 06:23:28+00:00,2021-02-10 13:45:28+00:00,9441.0,92.0,0.0,355.21,2168.84
2021-02-11,66.0,21120.0,2021-02-11 06:28:31+00:00,2021-02-11 12:20:31+00:00,10940.0,89.0,0.0,355.21,2203.19
2021-02-16,86.0,29100.0,2021-02-16 05:44:00+00:00,2021-02-16 13:49:00+00:00,6974.0,88.0,0.0,473.6,2919.3500000000004
2021-02-17,83.0,26400.0,2021-02-17 06:42:14+00:00,2021-02-17 14:02:14+00:00,11304.0,88.0,0.0,355.21,2205.4500000000003
2021-02-19,89.0,28500.0,2021-02-19 05:48:27+00:00,2021-02-19 13:43:27+00:00,8133.0,87.0,0.0,355.21,2220.89
2021-02-20,83.0,27000.0,2021-02-20 07:07:40+00:00,2021-02-20 14:37:40+00:00,16008.0,89.0,0.0,236.8,1040.19
2021-02-22,82.0,27180.0,2021-02-22 06:26:49+00:00,2021-02-22 13:59:49+00:00,9292.0,87.0,0.02,358.02,4289.43
2021-02-23,88.0,27360.0,2021-02-23 06:11:22+00:00,2021-02-23 13:47:22+00:00,9622.0,87.0,0.0,355.21,2647.33
2021-02-24,87.0,28020.0,2021-02-24 06:13:47+00:00,2021-02-24 14:00:47+00:00,10802.0,88.0,0.0,236.8,3772.4600000000005
2021-02-25,89.0,30360.0,2021-02-25 05:27:48+00:00,2021-02-25 13:53:48+00:00,7176.0,89.0,0.0,331.52,2722.6400000000003
2021-02-26,80.0,27480.0,2021-02-26 06:10:39+00:00,2021-02-26 13:48:39+00:00,12829.0,89.0,0.02,334.34,4334.92
2021-02-27,89.0,29340.0,2021-02-27 06:02:32+00:00,2021-02-27 14:11:32+00:00,10687.0,88.0,0.02,358.02,2137.9400000000005
2021-02-28,90.0,30720.0,2021-02-28 05:43:38+00:00,2021-02-28 14:15:38+00:00,12912.0,86.0,0.1,369.27,2008.25
2021-03-01,92.0,29280.0,2021-03-01 05:40:16+00:00,2021-03-01 13:48:16+00:00,14351.0,87.0,0.0,426.25,2355.81
2021-03-02,86.0,27000.0,2021-03-02 06:02:43+00:00,2021-03-02 13:32:43+00:00,9566.0,89.0,0.0,355.21,2103.0899999999997
2021-03-03,79.0,27240.0,2021-03-03 06:10:55+00:00,2021-03-03 13:44:55+00:00,9574.0,87.0,0.0,355.21,2656.6400000000003
2021-03-04,81.0,28020.0,2021-03-04 05:58:46+00:00,2021-03-04 13:45:46+00:00,11365.0,83.0,0.0,355.21,2307.2200000000003
2021-03-05,87.0,30480.0,2021-03-05 05:33:11+00:00,2021-03-05 14:01:11+00:00,10509.0,83.0,0.0,284.17,1157.8700000000001
2021-03-08,86.0,27900.0,2021-03-08 06:07:46+00:00,2021-03-08 13:52:46+00:00,8168.0,85.0,0.0,355.21,3294.4
2021-03-09,81.0,28920.0,2021-03-09 06:11:25+00:00,2021-03-09 14:13:25+00:00,7663.0,81.0,0.06,363.65,4216.41
2021-03-10,84.0,29700.0,2021-03-10 05:21:15+00:00,2021-03-10 13:36:15+00:00,9138.0,81.0,0.0,284.17,2478.3100000000004
2021-03-11,78.0,26460.0,2021-03-11 06:47:27+00:00,2021-03-11 14:08:27+00:00,7943.0,85.0,0.0,355.21,2466.850000000001
2021-03-12,83.0,27180.0,2021-03-12 06:12:40+00:00,2021-03-12 13:45:40+00:00,9108.0,83.0,0.0,284.17,4098.210000000001
2021-03-13,85.0,25440.0,2021-03-13 06:55:24+00:00,2021-03-13 13:59:24+00:00,13854.0,83.0,0.0,236.8,1432.41
2021-03-15,89.0,28680.0,2021-03-15 04:05:52+00:00,2021-03-15 12:03:52+00:00,6927.0,85.0,0.02,358.02,3602.16
2021-03-16,82.0,27420.0,2021-03-16 05:19:38+00:00,2021-03-16 12:56:38+00:00,11091.0,86.0,0.0,355.21,3233.1800000000003
2021-03-17,85.0,26820.0,2021-03-17 05:19:24+00:00,2021-03-17 12:46:24+00:00,9517.0,81.0,0.01,238.21,2095.7200000000003
2021-03-18,82.0,28620.0,2021-03-18 05:02:25+00:00,2021-03-18 12:59:25+00:00,9452.0,79.0,0.04,360.83,3705.8599999999997
2021-03-19,72.0,26640.0,2021-03-19 05:34:32+00:00,2021-03-19 12:58:32+00:00,9371.0,85.0,0.0,284.17,1887.7500000000002
2021-03-20,87.0,31680.0,2021-03-20 05:22:33+00:00,2021-03-20 14:10:33+00:00,10046.0,82.0,0.0,355.21,1788.12
2021-03-21,78.0,29940.0,2021-03-21 05:26:00+00:00,2021-03-21 13:45:00+00:00,12332.0,82.0,0.0,355.21,1867.3100000000002
2021-03-22,86.0,28020.0,2021-03-22 04:15:28+00:00,2021-03-22 12:02:28+00:00,6304.0,84.0,0.04,360.83,2163.94
2021-03-23,83.0,29280.0,2021-03-23 04:40:31+00:00,2021-03-23 12:48:31+00:00,6559.0,87.0,0.06,363.65,2608.100000000001
2021-03-24,91.0,29100.0,2021-03-24 04:32:27+00:00,2021-03-24 12:37:27+00:00,8647.0,86.0,0.06,292.61,2250.8800000000006
2021-03-25,68.0,27180.0,2021-03-25 05:15:12+00:00,2021-03-25 12:48:12+00:00,7894.0,86.0,0.0,355.21,2221.21
2021-03-26,77.0,28140.0,2021-03-26 05:26:20+00:00,2021-03-26 13:15:20+00:00,6535.0,86.0,0.0,355.21,2307.54
2021-03-27,90.0,31320.0,2021-03-27 04:46:57+00:00,2021-03-27 13:28:57+00:00,16010.0,87.0,1.25,300.31,1907.6699999999998
2021-03-28,84.0,31680.0,2021-03-28 05:19:40+00:00,2021-03-28 14:07:40+00:00,9399.0,87.0,0.0,284.17,2113.63
2021-03-29,83.0,28620.0,2021-03-29 04:41:09+00:00,2021-03-29 12:38:09+00:00,5589.0,88.0,0.0,355.21,1725.91
2021-03-30,86.0,26400.0,2021-03-30 05:31:18+00:00,2021-03-30 12:51:18+00:00,9860.0,86.0,0.03,359.43,2435.56
2021-03-31,84.0,27480.0,2021-03-31 04:58:26+00:00,2021-03-31 12:36:26+00:00,7886.0,83.0,0.0,284.17,1875.34
2021-04-01,85.0,27780.0,2021-04-01 04:48:04+00:00,2021-04-01 12:31:04+00:00,7968.0,83.0,0.0,378.89,1700.9600000000003
2021-04-06,84.0,30540.0,2021-04-06 04:06:51+00:00,2021-04-06 12:35:51+00:00,10882.0,89.0,0.0,355.21,1997.45
2021-04-08,87.0,26880.0,2021-04-08 05:03:04+00:00,2021-04-08 12:31:04+00:00,10196.0,88.0,0.0,355.21,2432.9100000000003
2021-04-12,93.0,29580.0,2021-04-12 04:20:25+00:00,2021-04-12 12:33:25+00:00,10323.0,75.0,0.0,639.38,2833.1
2021-04-13,82.0,29460.0,2021-04-13 04:27:51+00:00,2021-04-13 12:38:51+00:00,5978.0,80.0,0.0,284.17,3891.5
2021-04-14,80.0,27960.0,2021-04-14 04:55:34+00:00,2021-04-14 12:41:34+00:00,14079.0,81.0,0.0,284.17,1830.0300000000004
2021-04-15,85.0,27840.0,2021-04-15 04:52:46+00:00,2021-04-15 12:36:46+00:00,5136.0,82.0,0.06,363.65,2343.43
2021-04-17,85.0,29280.0,2021-04-17 05:21:20+00:00,2021-04-17 13:29:20+00:00,10416.0,76.0,0.0,414.41,1594.44
2021-04-19,84.0,28020.0,2021-04-19 04:57:35+00:00,2021-04-19 12:44:35+00:00,7412.0,66.0,0.04,289.79,1939.2800000000002
2021-04-20,83.0,27000.0,2021-04-20 05:09:48+00:00,2021-04-20 12:39:48+00:00,10706.0,62.0,0.04,289.79,1261.97
2021-04-23,79.0,30360.0,2021-04-23 04:33:49+00:00,2021-04-23 12:59:49+00:00,7577.0,61.0,0.04,431.87,2596.550000000001
2021-04-24,93.0,30960.0,2021-04-24 04:45:50+00:00,2021-04-24 13:21:50+00:00,8100.0,68.0,0.0,0.0,1818.5300000000002
2021-04-25,89.0,34380.0,2021-04-25 03:46:36+00:00,2021-04-25 13:19:36+00:00,8959.0,70.0,0.01,1.41,1353.0800000000002
2021-04-26,81.0,33900.0,2021-04-26 03:10:11+00:00,2021-04-26 12:35:11+00:00,5770.0,70.0,0.0,296.01,1818.7
2021-04-27,86.0,28320.0,2021-04-27 04:43:33+00:00,2021-04-27 12:35:33+00:00,11458.0,74.0,0.0,296.01,2408.39
2021-04-28,83.0,26640.0,2021-04-28 05:11:13+00:00,2021-04-28 12:35:13+00:00,5409.0,79.0,0.05,303.03999999999996,2147.85
2021-04-29,89.0,29700.0,2021-04-29 04:22:55+00:00,2021-04-29 12:37:55+00:00,10457.0,72.0,0.04,360.83,1635.7200000000003
2021-05-03,82.0,29820.0,2021-05-03 04:26:32+00:00,2021-05-03 12:43:32+00:00,9000.0,76.0,0.0,568.33,5250.56
2021-05-04,88.0,28320.0,2021-05-04 04:43:28+00:00,2021-05-04 12:35:28+00:00,6856.0,70.0,0.0,568.49,3310.9000000000005
2021-05-05,86.0,28200.0,2021-05-05 04:50:13+00:00,2021-05-05 12:40:13+00:00,8297.0,65.0,0.0,312.82,3268.8300000000004
2021-05-06,69.0,27240.0,2021-05-06 04:57:25+00:00,2021-05-06 12:31:25+00:00,6883.0,66.0,0.03,373.64000000000004,2860.65
2021-05-07,84.0,26100.0,2021-05-07 05:15:51+00:00,2021-05-07 12:30:51+00:00,12210.0,68.0,0.0,142.08,2188.06
2021-05-08,74.0,19560.0,2021-05-08 07:53:43+00:00,2021-05-08 13:19:43+00:00,9168.0,66.0,0.0,319.69,1855.76
2021-05-09,80.0,22080.0,2021-05-09 06:23:01+00:00,2021-05-09 12:31:01+00:00,13709.0,70.0,0.15,242.4,1909.4199999999998
2021-05-10,87.0,26040.0,2021-05-10 04:47:14+00:00,2021-05-10 12:01:14+00:00,10165.0,67.0,0.0,307.84000000000003,1553.4400000000003
2021-05-11,84.0,29160.0,2021-05-11 04:14:35+00:00,2021-05-11 12:20:35+00:00,11429.0,72.0,0.0,402.56,2201.66
2021-05-12,90.0,27420.0,2021-05-12 04:51:42+00:00,2021-05-12 12:28:42+00:00,10015.0,76.0,0.15,360.81,2185.76
2021-05-13,68.0,24240.0,2021-05-13 05:03:59+00:00,2021-05-13 11:47:59+00:00,6726.0,73.0,0.0,378.89,2198.33
2021-05-14,76.0,22020.0,2021-05-14 06:31:17+00:00,2021-05-14 12:38:17+00:00,8919.0,73.0,14.01,288.37,2663.6600000000008
2021-05-15,76.0,22440.0,2021-05-15 07:29:52+00:00,2021-05-15 13:43:52+00:00,11219.0,80.0,0.15,204.51000000000002,2318.9
2021-05-16,92.0,33960.0,2021-05-16 04:49:15+00:00,2021-05-16 14:15:15+00:00,12211.0,83.0,0.07,5.199999999999999,1550.1500000000003
2021-05-17,81.0,28260.0,2021-05-17 04:45:02+00:00,2021-05-17 12:36:02+00:00,5887.0,86.0,0.0,284.17,2302.0500000000006
2021-05-18,75.0,24780.0,2021-05-18 05:28:50+00:00,2021-05-18 12:21:50+00:00,8241.0,87.0,8.9,355.21,2678.11
2021-05-19,86.0,26940.0,2021-05-19 04:56:31+00:00,2021-05-19 12:25:31+00:00,9818.0,86.0,0.0,284.17,2365.19
2021-05-20,81.0,25440.0,2021-05-20 05:12:16+00:00,2021-05-20 12:16:16+00:00,5067.0,86.0,0.0,449.93,2279.6800000000003
2021-05-21,79.0,23580.0,2021-05-21 06:10:58+00:00,2021-05-21 12:43:58+00:00,8384.0,87.0,0.0,485.45,1821.9399999999998
2021-05-22,89.0,30600.0,2021-05-22 05:38:35+00:00,2021-05-22 14:08:35+00:00,9900.0,89.0,0.48000000000000004,295.42,1900.0200000000002
2021-05-23,90.0,28680.0,2021-05-23 05:33:31+00:00,2021-05-23 13:31:31+00:00,12772.0,87.0,0.06,197.87,2367.100000000001
2021-05-24,85.0,30000.0,2021-05-24 04:12:46+00:00,2021-05-24 12:32:46+00:00,10414.0,85.0,0.0,390.73,2057.88
2021-05-25,83.0,27600.0,2021-05-25 04:49:18+00:00,2021-05-25 12:29:18+00:00,8540.0,87.0,0.0,521.05,2624.2200000000003
2021-05-26,81.0,25320.0,2021-05-26 05:23:57+00:00,2021-05-26 12:25:57+00:00,5423.0,86.0,0.0,284.17,1478.3899999999999
2021-05-27,86.0,27180.0,2021-05-27 04:52:09+00:00,2021-05-27 12:25:09+00:00,8745.0,85.0,0.0,284.17,1984.47
2021-05-28,88.0,30420.0,2021-05-28 04:10:44+00:00,2021-05-28 12:37:44+00:00,14501.0,88.0,0.0,355.21,1851.9400000000003
2021-05-29,89.0,26760.0,2021-05-29 05:25:09+00:00,2021-05-29 12:51:09+00:00,19036.0,86.0,0.0,355.21,2510.5200000000004
2021-05-30,92.0,27300.0,2021-05-30 05:12:31+00:00,2021-05-30 12:47:31+00:00,9825.0,88.0,0.0,0.0,1487.6000000000001
2021-05-31,79.0,26940.0,2021-05-31 05:49:55+00:00,2021-05-31 13:18:55+00:00,8219.0,86.0,0.0,378.89,2035.3099999999997
2021-06-01,92.0,33240.0,2021-06-01 04:12:56+00:00,2021-06-01 13:26:56+00:00,7643.0,86.0,0.0,516.24,3570.51
2021-06-02,86.0,29700.0,2021-06-02 04:11:18+00:00,2021-06-02 12:26:18+00:00,9442.0,85.0,0.0,284.17,2319.68
2021-06-03,85.0,26100.0,2021-06-03 05:17:22+00:00,2021-06-03 12:32:22+00:00,4868.0,85.0,0.0,499.7,2868.1699999999996
2021-06-04,69.0,32280.0,2021-06-04 03:33:44+00:00,2021-06-04 12:31:44+00:00,10573.0,85.0,0.0,445.74,2413.8999999999996
2021-06-06,90.0,32580.0,2021-06-06 05:16:49+00:00,2021-06-06 14:19:49+00:00,12878.0,85.0,0.0,397.84000000000003,3193.9400000000005
2021-06-07,86.0,28380.0,2021-06-07 04:27:49+00:00,2021-06-07 12:20:49+00:00,9485.0,91.0,0.0,355.21,2341.07
2021-06-08,83.0,26940.0,2021-06-08 04:53:25+00:00,2021-06-08 12:22:25+00:00,12881.0,90.0,0.17,142.08,2558.5499999999997
2021-06-09,88.0,27360.0,2021-06-09 04:48:08+00:00,2021-06-09 12:24:08+00:00,11510.0,91.0,0.14,312.58000000000004,3407.28
2021-06-10,89.0,26880.0,2021-06-10 04:55:09+00:00,2021-06-10 12:23:09+00:00,8426.0,90.0,0.0,0.0,1746.15
2021-06-11,87.0,27180.0,2021-06-11 04:47:47+00:00,2021-06-11 12:20:47+00:00,11498.0,88.0,0.0,757.77,3870.0200000000004
2021-06-12,84.0,24540.0,2021-06-12 06:47:51+00:00,2021-06-12 13:36:51+00:00,11603.0,92.0,0.03,21.740000000000002,1639.3700000000001
2021-06-13,90.0,31380.0,2021-06-13 05:07:20+00:00,2021-06-13 13:50:20+00:00,21303.0,90.0,0.0,426.25,2434.4599999999996
2021-06-14,78.0,23820.0,2021-06-14 05:43:43+00:00,2021-06-14 12:20:43+00:00,10200.0,91.0,0.12,335.04999999999995,1988.31
2021-06-15,82.0,27060.0,2021-06-15 04:53:10+00:00,2021-06-15 12:24:10+00:00,9265.0,92.0,0.03,502.03,3722.03
2021-06-16,80.0,27480.0,2021-06-16 04:45:03+00:00,2021-06-16 12:23:03+00:00,11650.0,94.0,0.03,449.91999999999996,2908.6300000000006
2021-06-17,85.0,28080.0,2021-06-17 04:53:34+00:00,2021-06-17 12:41:34+00:00,11904.0,94.0,0.0,426.25,2851.2800000000007
2021-06-18,93.0,29520.0,2021-06-18 04:16:56+00:00,2021-06-18 12:28:56+00:00,11670.0,95.0,0.0,539.92,3389.9099999999994
2021-06-19,70.0,28680.0,2021-06-19 04:59:28+00:00,2021-06-19 12:57:28+00:00,15107.0,96.0,0.0,426.25,2558.2500000000005
2021-06-20,83.0,30600.0,2021-06-20 04:55:54+00:00,2021-06-20 13:25:54+00:00,12020.0,97.0,0.0,426.25,2835.3999999999996
2021-06-21,85.0,26460.0,2021-06-21 05:01:32+00:00,2021-06-21 12:22:32+00:00,5495.0,97.0,0.0,511.5,4588.12
2021-06-22,86.0,27600.0,2021-06-22 04:45:26+00:00,2021-06-22 12:25:26+00:00,9248.0,95.0,0.0,449.92999999999995,4419.870000000001
2021-06-23,89.0,28800.0,2021-06-23 04:31:20+00:00,2021-06-23 12:31:20+00:00,10477.0,92.0,0.0,497.28999999999996,3594.7899999999995
2021-06-24,88.0,28080.0,2021-06-24 04:26:36+00:00,2021-06-24 12:14:36+00:00,8924.0,92.0,0.0,473.61,4536.26
2021-06-25,85.0,27360.0,2021-06-25 04:46:31+00:00,2021-06-25 12:22:31+00:00,8108.0,91.0,0.0,497.28999999999996,2172.1800000000003
2021-06-26,90.0,27000.0,2021-06-26 05:19:11+00:00,2021-06-26 12:49:11+00:00,15912.0,91.0,0.71,331.53,1842.3000000000002
2021-06-27,84.0,28500.0,2021-06-27 05:35:11+00:00,2021-06-27 13:30:11+00:00,9547.0,90.0,0.0,331.53,1482.3200000000002
2021-06-28,85.0,31440.0,2021-06-28 04:30:46+00:00,2021-06-28 13:14:46+00:00,9590.0,90.0,0.0,473.61,2453.89
2021-06-29,81.0,23340.0,2021-06-29 05:47:18+00:00,2021-06-29 12:16:18+00:00,8117.0,88.0,0.0,355.21,2274.7900000000004
2021-06-30,81.0,27300.0,2021-06-30 04:43:09+00:00,2021-06-30 12:18:09+00:00,8587.0,81.0,0.1,553.9799999999999,3797.170000000001
2021-07-01,78.0,27360.0,2021-07-01 04:40:28+00:00,2021-07-01 12:16:28+00:00,9980.0,78.0,0.0,236.8,1512.23
2021-07-02,81.0,27720.0,2021-07-02 04:42:10+00:00,2021-07-02 12:24:10+00:00,5820.0,69.0,0.02,429.06,3501.0499999999997
2021-07-03,78.0,29580.0,2021-07-03 05:06:34+00:00,2021-07-03 13:19:34+00:00,13123.0,73.0,0.0,284.17,1692.6400000000003
2021-07-06,78.0,27360.0,2021-07-06 04:47:54+00:00,2021-07-06 12:23:54+00:00,8124.0,77.0,0.02,525.71,3453.47
2021-07-07,81.0,25980.0,2021-07-07 05:10:55+00:00,2021-07-07 12:23:55+00:00,7210.0,73.0,0.0,554.24,3034.81
2021-07-08,85.0,27720.0,2021-07-08 04:46:45+00:00,2021-07-08 12:28:45+00:00,6246.0,72.0,0.0,582.54,4089.0799999999995
2021-07-09,86.0,27720.0,2021-07-09 04:37:37+00:00,2021-07-09 12:19:37+00:00,9272.0,81.0,0.0,432.49,2624.31
2021-07-10,88.0,28800.0,2021-07-10 05:04:37+00:00,2021-07-10 13:04:37+00:00,9569.0,82.0,0.0,142.08,1827.3400000000001
2021-07-11,88.0,29460.0,2021-07-11 05:21:00+00:00,2021-07-11 13:32:00+00:00,10070.0,86.0,17.64,142.08,1572.05
2021-07-12,85.0,29160.0,2021-07-12 04:10:09+00:00,2021-07-12 12:16:09+00:00,7512.0,86.0,0.0,284.17,1379.0500000000002
2021-07-13,78.0,24960.0,2021-07-13 05:58:45+00:00,2021-07-13 12:54:45+00:00,11485.0,81.0,0.0,236.8,1316.9899999999998
2021-07-14,76.0,23640.0,2021-07-14 05:48:26+00:00,2021-07-14 12:22:26+00:00,9032.0,80.0,0.0,0.0,124.63
2021-07-16,79.0,26820.0,2021-07-16 04:54:09+00:00,2021-07-16 12:21:09+00:00,8839.0,70.0,0.0,284.17,2421.2400000000002
2021-07-17,88.0,31680.0,2021-07-17 04:38:54+00:00,2021-07-17 13:26:54+00:00,13870.0,64.0,0.0,0.0,1160.0600000000002
2021-07-18,74.0,26520.0,2021-07-18 04:28:33+00:00,2021-07-18 11:50:33+00:00,13999.0,68.0,0.0,284.17,1520.5100000000002
2021-07-19,81.0,26160.0,2021-07-19 05:15:15+00:00,2021-07-19 12:31:15+00:00,7460.0,64.0,0.0,1567.64,11632.76
2021-07-20,70.0,27240.0,2021-07-20 05:01:47+00:00,2021-07-20 12:35:47+00:00,8062.0,66.0,0.0,213.12,755.4599999999999
2021-07-21,86.0,25980.0,2021-07-21 05:04:37+00:00,2021-07-21 12:17:37+00:00,7932.0,62.0,0.0,473.61,2250.4300000000003
2021-07-22,75.0,24000.0,2021-07-22 05:50:28+00:00,2021-07-22 12:30:28+00:00,8049.0,67.0,0.0,284.17,1702.0900000000001
2021-07-24,88.0,25200.0,2021-07-24 05:48:46+00:00,2021-07-24 12:48:46+00:00,14005.0,68.0,45.59,189.44,1640.99
2021-07-25,88.0,28500.0,2021-07-25 05:24:56+00:00,2021-07-25 13:19:56+00:00,13509.0,63.0,0.04,313.86,2590.2300000000005
2021-07-27,90.0,32520.0,2021-07-27 04:44:58+00:00,2021-07-27 13:46:58+00:00,17188.0,77.0,0.0,735.07,3301.2800000000007
2021-07-28,92.0,26760.0,2021-07-28 06:16:57+00:00,2021-07-28 13:42:57+00:00,11041.0,85.0,14.06,298.48,2373.1000000000004
2021-07-31,88.0,28740.0,2021-07-31 04:51:57+00:00,2021-07-31 12:50:57+00:00,14460.0,75.0,0.0,381.63999999999993,2328.28
2021-08-01,84.0,30540.0,2021-08-01 04:28:13+00:00,2021-08-01 12:57:13+00:00,9924.0,72.0,0.0,288.47,1813.3200000000002
2021-08-02,75.0,28200.0,2021-08-02 04:38:00+00:00,2021-08-02 12:28:00+00:00,6136.0,79.0,0.0,433.97999999999996,2800.009999999999
2021-08-03,84.0,25020.0,2021-08-03 05:31:47+00:00,2021-08-03 12:28:47+00:00,9240.0,82.0,0.0,284.17,2135.8500000000004
2021-08-04,76.0,24540.0,2021-08-04 05:13:01+00:00,2021-08-04 12:02:01+00:00,9080.0,82.0,0.0,432.7,1855.6499999999999
2021-08-05,71.0,20640.0,2021-08-05 06:32:34+00:00,2021-08-05 12:16:34+00:00,7438.0,82.0,0.14,310.39,3222.7799999999993
2021-08-06,84.0,29160.0,2021-08-06 04:30:12+00:00,2021-08-06 12:36:12+00:00,11766.0,79.0,0.0,426.25,2390.13
2021-08-07,73.0,30960.0,2021-08-07 05:03:35+00:00,2021-08-07 13:39:35+00:00,13431.0,83.0,0.34,295.21000000000004,1538.58
2021-08-08,82.0,28320.0,2021-08-08 05:44:42+00:00,2021-08-08 13:36:42+00:00,12992.0,82.0,0.23,291.53000000000003,2080.3900000000003
2021-08-09,88.0,29580.0,2021-08-09 04:18:01+00:00,2021-08-09 12:31:01+00:00,5715.0,86.0,0.0,426.25,3130.35
2021-08-10,83.0,23940.0,2021-08-10 05:51:04+00:00,2021-08-10 12:30:04+00:00,7754.0,83.0,12.59,239.20000000000002,1972.1499999999999
2021-08-11,91.0,28500.0,2021-08-11 04:52:04+00:00,2021-08-11 12:47:04+00:00,9756.0,79.0,0.0,355.21,2098.96
2021-08-12,80.0,28020.0,2021-08-12 04:22:03+00:00,2021-08-12 12:09:03+00:00,10819.0,85.0,0.09,357.84999999999997,2358.37
2021-08-13,87.0,24960.0,2021-08-13 05:17:02+00:00,2021-08-13 12:13:02+00:00,7630.0,87.0,0.0,397.83,1823.7399999999998
2021-08-14,88.0,29880.0,2021-08-14 05:27:11+00:00,2021-08-14 13:45:11+00:00,11663.0,87.0,0.0,236.8,1630.8700000000001
2021-08-15,90.0,30060.0,2021-08-15 03:40:20+00:00,2021-08-15 12:01:20+00:00,9313.0,89.0,0.0,192.37,1619.0399999999997
2021-08-16,80.0,26280.0,2021-08-16 05:14:31+00:00,2021-08-16 12:32:31+00:00,10188.0,86.0,0.06,458.76,2551.71
2021-08-17,83.0,27180.0,2021-08-17 04:58:24+00:00,2021-08-17 12:31:24+00:00,11260.0,82.0,0.13999999999999999,364.88,3391.01
2021-08-18,75.0,21660.0,2021-08-18 06:31:35+00:00,2021-08-18 12:32:35+00:00,6007.0,71.0,0.05,509.06,2664.43
2021-08-19,69.0,27000.0,2021-08-19 04:42:56+00:00,2021-08-19 12:12:56+00:00,5840.0,76.0,40.0,378.89,2872.9400000000005
2021-08-20,84.0,27300.0,2021-08-20 04:56:13+00:00,2021-08-20 12:31:13+00:00,13598.0,69.0,0.0,426.25,3167.4900000000002
2021-08-21,84.0,29220.0,2021-08-21 04:53:25+00:00,2021-08-21 13:00:25+00:00,14161.0,72.0,0.0,284.17,1338.57
2021-08-22,77.0,28920.0,2021-08-22 07:04:06+00:00,2021-08-22 15:06:06+00:00,8457.0,77.0,0.0,165.76,772.51
2021-08-23,85.0,27120.0,2021-08-23 04:44:23+00:00,2021-08-23 12:16:23+00:00,5811.0,82.0,0.22,434.65,3287.81
2021-08-24,73.0,26340.0,2021-08-24 04:33:14+00:00,2021-08-24 11:52:14+00:00,10313.0,76.0,0.22,363.60999999999996,2828.4900000000002
2021-08-25,84.0,30720.0,2021-08-25 04:27:46+00:00,2021-08-25 12:59:46+00:00,11430.0,80.0,0.29,437.45,2307.97
2021-08-26,79.0,24180.0,2021-08-26 05:35:52+00:00,2021-08-26 12:18:52+00:00,6732.0,82.0,0.0,426.25,3560.7099999999996
2021-08-27,95.0,31380.0,2021-08-27 03:47:53+00:00,2021-08-27 12:30:53+00:00,6439.0,86.0,0.0,426.25,2515.8299999999995
2021-08-28,89.0,29340.0,2021-08-28 05:40:06+00:00,2021-08-28 13:49:06+00:00,8057.0,80.0,0.0,142.08,1390.1499999999999
2021-08-29,84.0,36540.0,2021-08-29 03:45:20+00:00,2021-08-29 13:54:20+00:00,6815.0,79.0,0.0,202.50000000000003,2216.1200000000003
2021-08-30,84.0,27960.0,2021-08-30 04:45:56+00:00,2021-08-30 12:31:56+00:00,7070.0,77.0,0.0,378.89,2730.58
2021-08-31,60.0,14400.0,2021-08-31 04:55:01+00:00,2021-08-31 08:55:01+00:00,10429.0,74.0,0.0,592.0,2958.27
2021-09-02,82.0,29520.0,2021-09-02 04:17:10+00:00,2021-09-02 12:29:10+00:00,11823.0,82.0,0.0,147.66000000000003,1990.7700000000002
2021-09-03,87.0,27900.0,2021-09-03 04:45:29+00:00,2021-09-03 12:30:29+00:00,6965.0,83.0,20.66,378.89,1898.2500000000002
2021-09-04,91.0,36120.0,2021-09-04 04:25:19+00:00,2021-09-04 14:27:19+00:00,11060.0,73.0,0.0,0.0,2192.77
2021-09-05,96.0,32820.0,2021-09-05 04:30:25+00:00,2021-09-05 13:37:25+00:00,10901.0,84.0,0.0,36.1,2134.88
2021-09-06,89.0,27360.0,2021-09-06 06:24:24+00:00,2021-09-06 14:00:24+00:00,9690.0,86.0,0.0,0.0,1773.5599999999995
2021-09-07,86.0,27000.0,2021-09-07 04:49:34+00:00,2021-09-07 12:19:34+00:00,6797.0,91.0,0.0,0.0,1133.37
2021-09-08,73.0,28500.0,2021-09-08 04:25:45+00:00,2021-09-08 12:20:45+00:00,4541.0,92.0,0.0,165.76,2006.07
2021-09-09,87.0,27360.0,2021-09-09 04:45:38+00:00,2021-09-09 12:21:38+00:00,9976.0,95.0,0.0,142.08,2772.21
2021-09-10,81.0,28860.0,2021-09-10 04:46:24+00:00,2021-09-10 12:47:24+00:00,9158.0,94.0,0.02,244.35,2671.4900000000002
2021-09-11,87.0,30900.0,2021-09-11 04:53:20+00:00,2021-09-11 13:28:20+00:00,16971.0,94.0,0.16999999999999998,1.6099999999999999,1873.21
2021-09-12,75.0,36780.0,2021-09-12 03:07:44+00:00,2021-09-12 13:20:44+00:00,8092.0,94.0,0.0,0.0,2517.15
2021-09-13,86.0,26580.0,2021-09-13 05:12:55+00:00,2021-09-13 12:35:55+00:00,8214.0,92.0,0.05,319.61,3386.29
2021-09-15,79.0,27900.0,2021-09-15 04:46:13+00:00,2021-09-15 12:31:13+00:00,7849.0,88.0,0.05,433.28,2533.43
2021-09-16,73.0,28680.0,2021-09-16 04:37:45+00:00,2021-09-16 12:35:45+00:00,8628.0,88.0,0.04,145.4,2478.7799999999997
2021-09-17,89.0,31740.0,2021-09-17 04:18:00+00:00,2021-09-17 13:07:00+00:00,9589.0,87.0,0.28,433.92,2403.2
2021-09-18,78.0,33060.0,2021-09-18 04:50:41+00:00,2021-09-18 14:01:41+00:00,10663.0,86.0,0.0,0.0,930.7799999999999
2021-09-19,79.0,29100.0,2021-09-19 04:59:07+00:00,2021-09-19 13:04:07+00:00,11618.0,84.0,0.0,71.04,1637.24
2021-09-20,85.0,28920.0,2021-09-20 04:16:19+00:00,2021-09-20 12:18:19+00:00,8398.0,73.0,0.0,142.08,1749.67
2021-09-21,76.0,26100.0,2021-09-21 05:23:28+00:00,2021-09-21 12:38:28+00:00,8043.0,71.0,0.03,4.22,1456.9400000000003
2021-09-24,84.0,25920.0,2021-09-24 04:32:58+00:00,2021-09-24 11:44:58+00:00,7678.0,75.0,0.0,122.14,622.09
2021-09-27,89.0,30300.0,2021-09-27 03:58:01+00:00,2021-09-27 12:23:01+00:00,8201.0,70.0,0.0,0.0,1506.7900000000002
2021-09-28,80.0,27120.0,2021-09-28 04:44:49+00:00,2021-09-28 12:16:49+00:00,8937.0,77.0,0.12000000000000001,286.97,2487.49
2021-09-29,78.0,25500.0,2021-09-29 05:27:52+00:00,2021-09-29 12:32:52+00:00,6833.0,86.0,0.15,171.35999999999999,1778.3500000000004
2021-09-30,67.0,27000.0,2021-09-30 05:01:49+00:00,2021-09-30 12:31:49+00:00,9868.0,89.0,0.03,287.83000000000004,1535.7599999999995
2021-10-01,84.0,27900.0,2021-10-01 04:47:57+00:00,2021-10-01 12:32:57+00:00,11961.0,87.0,0.04,408.19000000000005,2493.3799999999997
2021-10-02,73.0,25740.0,2021-10-02 06:27:39+00:00,2021-10-02 13:36:39+00:00,11042.0,89.0,0.0,0.0,530.75
2021-10-03,92.0,30840.0,2021-10-03 05:10:07+00:00,2021-10-03 13:44:07+00:00,11911.0,87.0,0.0,213.12,2793.2499999999995
2021-10-04,78.0,28860.0,2021-10-04 04:26:33+00:00,2021-10-04 12:27:33+00:00,8428.0,89.0,18.7,142.08,1557.5599999999997
2021-10-05,84.0,24660.0,2021-10-05 05:35:44+00:00,2021-10-05 12:26:44+00:00,12109.0,90.0,0.05,383.1,2095.7899999999995
2021-10-06,73.0,27300.0,2021-10-06 04:49:06+00:00,2021-10-06 12:24:06+00:00,7886.0,91.0,0.0,189.44,2441.359999999999
2021-10-07,81.0,27420.0,2021-10-07 04:58:57+00:00,2021-10-07 12:35:57+00:00,11644.0,94.0,0.0,284.17,2317.11
2021-10-08,84.0,28020.0,2021-10-08 05:10:38+00:00,2021-10-08 12:57:38+00:00,10192.0,95.0,0.0,355.21,1795.16
2021-10-09,93.0,30300.0,2021-10-09 05:30:41+00:00,2021-10-09 13:55:41+00:00,12975.0,94.0,0.0,99.46,2725.2100000000005
2021-10-10,85.0,29460.0,2021-10-10 05:22:36+00:00,2021-10-10 13:33:36+00:00,12278.0,94.0,0.0,142.2,2373.6900000000005
2021-10-11,89.0,28620.0,2021-10-11 04:25:12+00:00,2021-10-11 12:22:12+00:00,10315.0,91.0,0.0,227.33,3001.94
2021-10-12,84.0,25920.0,2021-10-12 05:26:54+00:00,2021-10-12 12:38:54+00:00,9819.0,91.0,0.06,471.7100000000001,3172.6899999999996
2021-10-13,76.0,27540.0,2021-10-13 04:59:56+00:00,2021-10-13 12:38:56+00:00,10290.0,90.0,0.0,407.08000000000004,2793.9499999999994
2021-10-14,76.0,30540.0,2021-10-14 03:51:50+00:00,2021-10-14 12:20:50+00:00,8413.0,89.0,6.23,319.68,3694.0099999999993
2021-10-15,80.0,24360.0,2021-10-15 05:51:29+00:00,2021-10-15 12:37:29+00:00,8787.0,89.0,0.0,189.44,1876.52
2021-10-16,93.0,35940.0,2021-10-16 04:22:22+00:00,2021-10-16 14:21:22+00:00,13082.0,88.0,0.06,174.19,752.6199999999999
2021-10-17,91.0,33240.0,2021-10-17 04:24:09+00:00,2021-10-17 13:38:09+00:00,12712.0,90.0,0.0,142.08,1161.7299999999998
2021-10-18,84.0,30420.0,2021-10-18 03:46:32+00:00,2021-10-18 12:13:32+00:00,10827.0,88.0,0.11000000000000001,8.42,931.7700000000001
2021-10-19,89.0,27840.0,2021-10-19 04:46:22+00:00,2021-10-19 12:30:22+00:00,7979.0,90.0,0.13,281.51000000000005,2244.1299999999997
2021-10-20,84.0,27120.0,2021-10-20 04:42:39+00:00,2021-10-20 12:14:39+00:00,10181.0,90.0,0.0,256.13,1613.7999999999997
2021-10-21,72.0,26400.0,2021-10-21 06:21:10+00:00,2021-10-21 13:41:10+00:00,6935.0,92.0,0.0,525.71,3594.7999999999993
2021-10-22,89.0,28320.0,2021-10-22 04:34:36+00:00,2021-10-22 12:26:36+00:00,9440.0,90.0,0.0,0.0,1321.4
2021-10-23,88.0,34920.0,2021-10-23 05:38:10+00:00,2021-10-23 15:20:10+00:00,10415.0,89.0,0.0,234.04,2647.98
2021-10-24,90.0,32940.0,2021-10-24 05:05:08+00:00,2021-10-24 14:14:08+00:00,10585.0,87.0,0.0,270.03000000000003,2558.88
2021-10-25,83.0,28200.0,2021-10-25 04:35:25+00:00,2021-10-25 12:25:25+00:00,6962.0,86.0,0.0,189.44,2506.51
2021-10-26,77.0,26280.0,2021-10-26 05:07:18+00:00,2021-10-26 12:25:18+00:00,6281.0,83.0,0.0,260.48,2660.8499999999995
2021-10-27,74.0,26400.0,2021-10-27 05:25:19+00:00,2021-10-27 12:45:19+00:00,8471.0,80.0,0.0,0.0,1630.3000000000002
2021-10-28,90.0,28380.0,2021-10-28 04:38:48+00:00,2021-10-28 12:31:48+00:00,12488.0,82.0,0.0,468.87,3530.5499999999997
2021-10-29,77.0,28440.0,2021-10-29 04:22:41+00:00,2021-10-29 12:16:41+00:00,12773.0,84.0,0.0,287.75,1876.1100000000001
2021-10-30,82.0,30360.0,2021-10-30 05:33:57+00:00,2021-10-30 13:59:57+00:00,12380.0,85.0,0.04,238.13000000000002,1385.3799999999997
2021-10-31,93.0,34380.0,2021-10-31 04:26:55+00:00,2021-10-31 13:59:55+00:00,18474.0,87.0,0.0,0.0,1069.37
2021-11-01,75.0,28500.0,2021-11-01 05:20:41+00:00,2021-11-01 13:15:41+00:00,8963.0,85.0,0.2,580.65,4005.3199999999997
2021-11-02,83.0,28680.0,2021-11-02 04:22:16+00:00,2021-11-02 12:20:16+00:00,8890.0,89.0,0.0,427.43,2576.3399999999997
2021-11-03,79.0,29760.0,2021-11-03 04:17:24+00:00,2021-11-03 12:33:24+00:00,7530.0,88.0,0.29000000000000004,198.23999999999998,2033.0000000000007
2021-11-04,68.0,20640.0,2021-11-04 06:46:38+00:00,2021-11-04 12:30:38+00:00,7758.0,90.0,0.0,854.8199999999999,4506.57
2021-11-05,84.0,26520.0,2021-11-05 05:18:54+00:00,2021-11-05 12:40:54+00:00,10974.0,90.0,0.0,421.51000000000005,2800.38
2021-11-06,90.0,33660.0,2021-11-06 04:57:05+00:00,2021-11-06 14:18:05+00:00,5452.0,93.0,0.06,189.44,936.98
2021-11-07,82.0,28620.0,2021-11-07 06:07:08+00:00,2021-11-07 14:04:08+00:00,12305.0,92.0,0.12,272.66,3110.09
2021-11-08,88.0,30720.0,2021-11-08 04:59:17+00:00,2021-11-08 13:31:17+00:00,12417.0,92.0,0.0,113.67,2429.8799999999997
2021-11-09,83.0,27540.0,2021-11-09 05:16:19+00:00,2021-11-09 12:55:19+00:00,5765.0,91.0,0.0,316.16,3728.58
2021-11-10,90.0,27300.0,2021-11-10 05:46:32+00:00,2021-11-10 13:21:32+00:00,8734.0,91.0,0.0,457.6,3958.84
2021-11-11,91.0,29880.0,2021-11-11 05:11:34+00:00,2021-11-11 13:29:34+00:00,10100.0,89.0,0.0,382.46000000000004,3196.95
2021-11-12,79.0,27540.0,2021-11-12 05:50:55+00:00,2021-11-12 13:29:55+00:00,8048.0,84.0,9.17,213.12,2544.09
2021-11-13,82.0,29880.0,2021-11-13 06:16:04+00:00,2021-11-13 14:34:04+00:00,7511.0,85.0,0.07,5.37,1843.4800000000002
2021-11-14,82.0,33120.0,2021-11-14 05:06:13+00:00,2021-11-14 14:18:13+00:00,12376.0,79.0,0.1,242.68,2326.5200000000004
2021-11-15,82.0,29160.0,2021-11-15 05:21:20+00:00,2021-11-15 13:27:20+00:00,5794.0,84.0,0.0,0.0,1378.4099999999999
2021-11-16,71.0,24780.0,2021-11-16 06:37:45+00:00,2021-11-16 13:30:45+00:00,9284.0,86.0,0.0,378.88,3186.5299999999997
2021-11-17,89.0,28560.0,2021-11-17 05:43:26+00:00,2021-11-17 13:39:26+00:00,5507.0,83.0,0.06,118.4,1252.8799999999999
2021-11-18,84.0,29220.0,2021-11-18 05:35:54+00:00,2021-11-18 13:42:54+00:00,9330.0,76.0,0.19,533.9699999999999,4196.990000000001
2021-11-19,73.0,33720.0,2021-11-19 04:07:49+00:00,2021-11-19 13:29:49+00:00,9507.0,85.0,0.0,236.8,2092.76
2021-11-20,88.0,29880.0,2021-11-20 06:05:30+00:00,2021-11-20 14:23:30+00:00,10043.0,83.0,24.39,245.94000000000003,2643.88
2021-11-21,85.0,30420.0,2021-11-21 06:34:07+00:00,2021-11-21 15:01:07+00:00,10975.0,79.0,0.09,4.15,1717.9700000000005
2021-11-22,77.0,29400.0,2021-11-22 05:23:28+00:00,2021-11-22 13:33:28+00:00,5694.0,74.0,0.07,258.4,2435.89
2021-11-23,86.0,27660.0,2021-11-23 05:52:12+00:00,2021-11-23 13:33:12+00:00,8396.0,73.0,0.02,142.08,1674.8
2021-11-24,72.0,28560.0,2021-11-24 05:48:18+00:00,2021-11-24 13:44:18+00:00,7841.0,70.0,0.0,383.66999999999996,2655.2000000000003
2021-11-25,85.0,30960.0,2021-11-25 06:05:17+00:00,2021-11-25 14:41:17+00:00,8505.0,73.0,0.0,5.92,927.4300000000001
2021-11-26,90.0,30360.0,2021-11-26 06:18:34+00:00,2021-11-26 14:44:34+00:00,13539.0,62.0,0.0,363.15,1881.6200000000001
2021-11-27,89.0,33540.0,2021-11-27 05:50:01+00:00,2021-11-27 15:09:01+00:00,8590.0,57.0,0.0,7.25,1684.15
2021-11-28,91.0,31500.0,2021-11-28 05:52:41+00:00,2021-11-28 14:37:41+00:00,7134.0,59.0,0.08,236.8,3150.03
2021-11-29,82.0,29760.0,2021-11-29 05:00:03+00:00,2021-11-29 13:16:03+00:00,7287.0,68.0,0.01,337.74,2702.69
2021-11-30,87.0,29040.0,2021-11-30 05:15:52+00:00,2021-11-30 13:19:52+00:00,12175.0,69.0,0.08,118.4,1813.1600000000005
2021-12-01,79.0,26100.0,2021-12-01 06:40:47+00:00,2021-12-01 13:55:47+00:00,12292.0,71.0,0.0,236.8,1694.6200000000001
2021-12-02,80.0,25680.0,2021-12-02 06:30:09+00:00,2021-12-02 13:38:09+00:00,9295.0,71.0,0.0,298.68,1974.5200000000002
2021-12-03,77.0,27900.0,2021-12-03 05:46:29+00:00,2021-12-03 13:31:29+00:00,12905.0,74.0,25.450000000000003,402.65000000000003,2580.5299999999997
2021-12-04,72.0,24060.0,2021-12-04 07:33:03+00:00,2021-12-04 14:14:03+00:00,8849.0,65.0,0.0,0.0,1295.08
2021-12-07,81.0,30780.0,2021-12-06 22:06:44+00:00,2021-12-07 06:39:44+00:00,8788.0,57.0,0.0,0.0,544.6
2021-12-09,76.0,22500.0,2021-12-09 10:11:19+00:00,2021-12-09 16:26:19+00:00,8134.0,71.0,0.12,360.14,2765.400000000001
2021-12-10,86.0,26520.0,2021-12-10 05:55:56+00:00,2021-12-10 13:17:56+00:00,13319.0,79.0,0.08,287.78000000000003,1703.49
2021-12-12,90.0,26940.0,2021-12-12 06:57:45+00:00,2021-12-12 14:26:45+00:00,8071.0,62.0,0.0,426.25,3490.7099999999996
2021-12-15,78.0,27180.0,2021-12-15 05:38:09+00:00,2021-12-15 13:11:09+00:00,8125.0,59.0,0.0,378.21,2592.4200000000005
2021-12-16,83.0,27000.0,2021-12-16 05:47:43+00:00,2021-12-16 13:17:43+00:00,10290.0,66.0,0.0,276.0,2109.08
2021-12-17,82.0,30000.0,2021-12-17 06:51:12+00:00,2021-12-17 15:11:12+00:00,5055.0,74.0,0.0,213.12,1075.1699999999998
2021-12-18,92.0,29400.0,2021-12-18 06:27:33+00:00,2021-12-18 14:37:33+00:00,10257.0,77.0,0.0,142.08,1355.5099999999998
2021-12-19,92.0,33720.0,2021-12-19 05:09:52+00:00,2021-12-19 14:31:52+00:00,14403.0,82.0,0.0,284.17,2051.0299999999997
2021-12-20,83.0,27840.0,2021-12-20 05:47:04+00:00,2021-12-20 13:31:04+00:00,8094.0,77.0,0.0,355.21,2618.5899999999997
2021-12-21,84.0,25020.0,2021-12-21 06:37:36+00:00,2021-12-21 13:34:36+00:00,10698.0,77.0,0.14,392.16999999999996,1904.71
2021-12-22,86.0,26040.0,2021-12-22 06:17:20+00:00,2021-12-22 13:31:20+00:00,12003.0,74.0,0.0,118.4,690.4499999999999
2021-12-25,75.0,25560.0,2021-12-25 08:34:30+00:00,2021-12-25 15:40:30+00:00,8667.0,86.0,0.0,360.37,2915.9300000000007
2021-12-26,93.0,32580.0,2021-12-26 06:19:41+00:00,2021-12-26 15:22:41+00:00,11863.0,89.0,0.07,241.96,1658.66
2021-12-28,88.0,29100.0,2021-12-28 05:11:56+00:00,2021-12-28 13:16:56+00:00,9434.0,83.0,0.0,282.8,2957.88
2021-12-29,94.0,31920.0,2021-12-29 05:44:44+00:00,2021-12-29 14:36:44+00:00,7176.0,83.0,0.0,120.12,1627.4100000000003
2021-12-30,94.0,40140.0,2021-12-30 04:39:31+00:00,2021-12-30 15:48:31+00:00,9200.0,84.0,0.0,118.4,1393.0900000000001
2021-12-31,88.0,25560.0,2021-12-31 07:02:18+00:00,2021-12-31 14:08:18+00:00,17025.0,81.0,0.0,236.8,2121.88
2022-01-02,94.0,38040.0,2022-01-02 05:13:59+00:00,2022-01-02 15:47:59+00:00,12117.0,69.0,0.0,0.0,2257.3599999999997
2022-01-03,90.0,27960.0,2022-01-03 05:30:14+00:00,2022-01-03 13:16:14+00:00,7371.0,64.0,0.0,234.54000000000002,3047.4400000000005
2022-01-04,94.0,32460.0,2022-01-04 05:37:06+00:00,2022-01-04 14:38:06+00:00,7392.0,59.0,0.0,397.84000000000003,3534.5300000000007
2022-01-05,81.0,26580.0,2022-01-05 05:52:56+00:00,2022-01-05 13:15:56+00:00,7161.0,63.0,0.0,301.6,4422.99
2022-01-06,89.0,27360.0,2022-01-06 05:40:09+00:00,2022-01-06 13:16:09+00:00,8095.0,56.0,0.0,284.16,2414.6
2022-01-07,87.0,29460.0,2022-01-07 05:58:09+00:00,2022-01-07 14:09:09+00:00,8263.0,59.0,0.04,242.42000000000002,2542.38
2022-01-08,97.0,33840.0,2022-01-08 05:37:30+00:00,2022-01-08 15:01:30+00:00,8397.0,58.0,0.22,126.8,2201.68
2022-01-09,87.0,29520.0,2022-01-09 06:26:36+00:00,2022-01-09 14:38:36+00:00,9701.0,63.0,0.15,289.77000000000004,1742.48
2022-01-10,88.0,27780.0,2022-01-10 05:35:47+00:00,2022-01-10 13:18:47+00:00,7300.0,66.0,0.15,420.86000000000007,4225.17
2022-01-11,84.0,25860.0,2022-01-11 06:10:42+00:00,2022-01-11 13:21:42+00:00,8879.0,64.0,0.0,142.08,2998.6400000000003
2022-01-12,89.0,30240.0,2022-01-12 06:21:19+00:00,2022-01-12 14:45:19+00:00,10097.0,73.0,0.05,243.83,1822.5800000000004
2022-01-13,85.0,28080.0,2022-01-13 05:31:20+00:00,2022-01-13 13:19:20+00:00,7785.0,72.0,0.06,434.76,2799.550000000001
2022-01-14,88.0,28020.0,2022-01-14 05:30:57+00:00,2022-01-14 13:17:57+00:00,7627.0,79.0,0.04,147.70000000000002,1677.8200000000002
2022-01-15,93.0,28860.0,2022-01-15 07:27:34+00:00,2022-01-15 15:28:34+00:00,16226.0,74.0,0.02,589.61,3693.2699999999995
2022-01-16,88.0,26640.0,2022-01-16 07:57:44+00:00,2022-01-16 15:21:44+00:00,12727.0,71.0,0.0,236.8,1949.5400000000002
2022-01-17,92.0,30060.0,2022-01-17 04:56:13+00:00,2022-01-17 13:17:13+00:00,11627.0,69.0,0.08,283.04,2933.4599999999996
2022-01-18,89.0,27780.0,2022-01-18 05:33:09+00:00,2022-01-18 13:16:09+00:00,9068.0,70.0,0.02,144.89000000000001,2616.75
2022-01-19,93.0,27780.0,2022-01-19 05:34:07+00:00,2022-01-19 13:17:07+00:00,8976.0,71.0,0.0,473.77,2903.2
2022-01-20,85.0,26520.0,2022-01-20 05:54:20+00:00,2022-01-20 13:16:20+00:00,7792.0,62.0,0.0,156.52,2289.42
2022-01-21,81.0,28140.0,2022-01-21 05:12:27+00:00,2022-01-21 13:01:27+00:00,9921.0,55.0,0.0,605.1800000000001,3891.6099999999997
2022-01-22,94.0,30480.0,2022-01-22 05:58:04+00:00,2022-01-22 14:26:04+00:00,10322.0,69.0,33.06,345.5,2938.57
2022-01-23,85.0,29940.0,2022-01-23 06:28:36+00:00,2022-01-23 14:47:36+00:00,10081.0,73.0,0.0,461.77,3422.9800000000005
2022-01-24,89.0,27180.0,2022-01-24 05:49:36+00:00,2022-01-24 13:22:36+00:00,7872.0,83.0,0.0,343.38,3674.99
2022-01-25,94.0,28200.0,2022-01-25 05:40:09+00:00,2022-01-25 13:30:09+00:00,9649.0,86.0,0.0,568.33,3666.4100000000003
2022-01-26,86.0,29700.0,2022-01-26 05:06:38+00:00,2022-01-26 13:21:38+00:00,6452.0,87.0,0.0,158.08,3657.7000000000003
2022-01-27,90.0,26880.0,2022-01-27 05:50:32+00:00,2022-01-27 13:18:32+00:00,9001.0,90.0,0.0,520.96,3176.79
2022-01-28,88.0,28680.0,2022-01-28 05:18:20+00:00,2022-01-28 13:16:20+00:00,10886.0,89.0,0.0,315.31,2872.1
2022-01-29,96.0,34080.0,2022-01-29 04:55:44+00:00,2022-01-29 14:23:44+00:00,11484.0,90.0,0.0,426.24,3882.4700000000003
2022-01-30,96.0,32040.0,2022-01-30 05:50:26+00:00,2022-01-30 14:44:26+00:00,10915.0,90.0,0.0,288.9,3215.4399999999996
2022-01-31,96.0,29700.0,2022-01-31 05:04:49+00:00,2022-01-31 13:19:49+00:00,7625.0,91.0,0.12,392.83000000000004,3448.24
2022-02-01,82.0,28080.0,2022-02-01 05:32:27+00:00,2022-02-01 13:20:27+00:00,10019.0,90.0,0.26999999999999996,317.94000000000005,2832.18
2022-02-02,91.0,27360.0,2022-02-02 05:55:00+00:00,2022-02-02 13:31:00+00:00,9928.0,89.0,0.08,307.84000000000003,3291.6199999999994
2022-02-03,96.0,30540.0,2022-02-03 05:02:42+00:00,2022-02-03 13:31:42+00:00,10110.0,90.0,0.0,785.48,3171.2000000000003
2022-02-04,89.0,27120.0,2022-02-04 05:59:13+00:00,2022-02-04 13:31:13+00:00,10065.0,91.0,0.0,382.46000000000004,3180.42
2022-02-05,92.0,29340.0,2022-02-05 06:05:52+00:00,2022-02-05 14:14:52+00:00,8405.0,90.0,0.0,414.4,3739.12
2022-02-06,92.0,29880.0,2022-02-06 06:14:55+00:00,2022-02-06 14:32:55+00:00,15614.0,89.0,0.0,272.32,2430.270000000001
2022-02-07,88.0,29220.0,2022-02-07 05:19:07+00:00,2022-02-07 13:26:07+00:00,8632.0,90.0,0.07,679.59,3222.879999999999
2022-02-08,93.0,30180.0,2022-02-08 04:51:32+00:00,2022-02-08 13:14:32+00:00,10417.0,88.0,0.0,329.15,3152.87
2022-02-09,91.0,28440.0,2022-02-09 05:26:47+00:00,2022-02-09 13:20:47+00:00,7710.0,89.0,0.0,118.4,1930.1600000000003
2022-02-10,87.0,27600.0,2022-02-10 05:37:14+00:00,2022-02-10 13:17:14+00:00,13987.0,93.0,0.0,454.66999999999996,3685.85
2022-02-11,88.0,29940.0,2022-02-11 05:12:31+00:00,2022-02-11 13:31:31+00:00,6828.0,91.0,0.0,307.84000000000003,2709.8399999999997
2022-02-12,92.0,31980.0,2022-02-12 05:37:41+00:00,2022-02-12 14:30:41+00:00,11042.0,94.0,0.0,189.44,3067.28
2022-02-13,85.0,30660.0,2022-02-13 05:58:27+00:00,2022-02-13 14:29:27+00:00,12016.0,96.0,0.0,145.53,1596.2499999999998
2022-02-14,93.0,32220.0,2022-02-14 04:35:04+00:00,2022-02-14 13:32:04+00:00,9020.0,97.0,0.0,269.95000000000005,3108.2499999999995
2022-02-15,95.0,30600.0,2022-02-15 04:48:26+00:00,2022-02-15 13:18:26+00:00,11981.0,95.0,0.0,355.20000000000005,2537.1800000000007
2022-02-16,81.0,25380.0,2022-02-16 06:32:09+00:00,2022-02-16 13:35:09+00:00,8730.0,97.0,0.0,329.15,3088.65
2022-02-17,88.0,27900.0,2022-02-17 05:46:18+00:00,2022-02-17 13:31:18+00:00,9435.0,97.0,0.0,378.88,4196.32
2022-02-18,90.0,29460.0,2022-02-18 05:28:57+00:00,2022-02-18 13:39:57+00:00,12989.0,96.0,0.0,232.07,2733.67
2022-02-19,95.0,31080.0,2022-02-19 06:37:11+00:00,2022-02-19 15:15:11+00:00,11527.0,92.0,12.47,122.71000000000001,1791.52
2022-02-20,87.0,27720.0,2022-02-20 07:02:02+00:00,2022-02-20 14:44:02+00:00,11658.0,89.0,0.0,443.25999999999993,3932.59
2022-02-21,93.0,34020.0,2022-02-21 04:30:00+00:00,2022-02-21 13:57:00+00:00,9221.0,90.0,0.05,236.8,1677.9399999999998
2022-02-22,82.0,26700.0,2022-02-22 06:13:29+00:00,2022-02-22 13:38:29+00:00,9157.0,90.0,0.0,405.8,2950.9499999999994
2022-02-23,86.0,29580.0,2022-02-23 04:58:03+00:00,2022-02-23 13:11:03+00:00,10812.0,89.0,0.0,288.47,3079.3300000000004
2022-02-24,86.0,27840.0,2022-02-24 05:38:29+00:00,2022-02-24 13:22:29+00:00,12060.0,92.0,0.0,430.56,4207.09
2022-02-25,91.0,27540.0,2022-02-25 05:53:39+00:00,2022-02-25 13:32:39+00:00,9523.0,89.0,0.0,89.56,2617.04
2022-02-26,86.0,29820.0,2022-02-26 06:30:41+00:00,2022-02-26 14:47:41+00:00,12573.0,89.0,0.0,132.18,2957.25
2022-02-27,94.0,29940.0,2022-02-27 05:42:58+00:00,2022-02-27 14:01:58+00:00,16023.0,89.0,0.0,258.34000000000003,3151.96
2022-02-28,86.0,29400.0,2022-02-28 05:07:21+00:00,2022-02-28 13:17:21+00:00,11173.0,88.0,0.0,369.42,3600.9199999999996
2022-03-01,87.0,25740.0,2022-03-01 05:50:43+00:00,2022-03-01 12:59:43+00:00,8270.0,87.0,0.0,213.12,2332.6600000000003
2022-03-02,88.0,27960.0,2022-03-02 05:28:47+00:00,2022-03-02 13:14:47+00:00,9290.0,88.0,0.0,284.17,1942.85
2022-03-03,83.0,27360.0,2022-03-03 05:39:41+00:00,2022-03-03 13:15:41+00:00,12480.0,89.0,0.0,473.61,2786.56
2022-03-04,83.0,24600.0,2022-03-04 06:41:53+00:00,2022-03-04 13:31:53+00:00,9240.0,89.0,0.0,106.56,2370.29
2022-03-05,90.0,31620.0,2022-03-05 05:52:55+00:00,2022-03-05 14:39:55+00:00,12714.0,86.0,0.0,236.8,2569.8700000000003
2022-03-06,90.0,38040.0,2022-03-06 03:55:59+00:00,2022-03-06 14:29:59+00:00,12964.0,86.0,0.0,397.84000000000003,2987.78
2022-03-07,86.0,25680.0,2022-03-07 06:06:49+00:00,2022-03-07 13:14:49+00:00,8998.0,87.0,0.0,376.52,3267.0500000000006
2022-03-08,90.0,27720.0,2022-03-08 05:46:22+00:00,2022-03-08 13:28:22+00:00,9897.0,87.0,18.7,390.73,3202.82
2022-03-09,85.0,25920.0,2022-03-09 06:19:38+00:00,2022-03-09 13:31:38+00:00,11525.0,87.0,0.0,568.33,3942.519999999999
2022-03-10,97.0,29940.0,2022-03-10 04:53:59+00:00,2022-03-10 13:12:59+00:00,6681.0,86.0,0.0,369.42,2957.61
2022-03-11,89.0,27540.0,2022-03-11 05:37:38+00:00,2022-03-11 13:16:38+00:00,10456.0,85.0,0.0,284.17,2848.36
2022-03-12,87.0,34260.0,2022-03-12 03:59:19+00:00,2022-03-12 13:30:19+00:00,12905.0,85.0,0.0,497.29,3975.830000000001
2022-03-13,83.0,29100.0,2022-03-13 05:11:25+00:00,2022-03-13 13:16:25+00:00,13191.0,85.0,0.0,291.59000000000003,4076.5300000000007
2022-03-15,96.0,28800.0,2022-03-15 04:27:40+00:00,2022-03-15 12:27:40+00:00,9431.0,81.0,0.0,367.16,3276.83
2022-03-16,85.0,26940.0,2022-03-16 05:02:42+00:00,2022-03-16 12:31:42+00:00,7283.0,74.0,0.0,343.36,3085.2100000000005
2022-03-17,90.0,28080.0,2022-03-17 04:31:33+00:00,2022-03-17 12:19:33+00:00,10289.0,71.0,0.0,378.88,3050.01
2022-03-18,88.0,28380.0,2022-03-18 04:30:01+00:00,2022-03-18 12:23:01+00:00,7837.0,72.0,0.0,426.24000000000007,3352.140000000001
2022-03-19,87.0,28020.0,2022-03-19 04:29:40+00:00,2022-03-19 12:16:40+00:00,13501.0,62.0,0.0,396.08000000000004,2975.3799999999997
2022-03-21,87.0,28140.0,2022-03-21 03:38:04+00:00,2022-03-21 11:27:04+00:00,19850.0,66.0,0.0,238.89000000000001,2105.9800000000005
2022-03-22,86.0,33600.0,2022-03-22 03:53:48+00:00,2022-03-22 13:13:48+00:00,9054.0,64.0,13.93,238.89000000000001,2208.9800000000005
2022-03-23,93.0,29760.0,2022-03-23 03:36:02+00:00,2022-03-23 11:52:02+00:00,17069.0,65.0,0.06,245.24,3060.81
2022-03-24,89.0,27780.0,2022-03-24 04:27:43+00:00,2022-03-24 12:10:43+00:00,13416.0,66.0,13.93,239.73000000000002,3775.51
2022-03-25,82.0,29820.0,2022-03-25 03:04:59+00:00,2022-03-25 11:21:59+00:00,19493.0,64.0,20.89,241.19,1899.9400000000003
2022-03-26,85.0,26760.0,2022-03-26 04:00:46+00:00,2022-03-26 11:26:46+00:00,14372.0,69.0,0.0,236.8,1878.4800000000002
2022-03-27,87.0,28860.0,2022-03-27 02:51:14+00:00,2022-03-27 10:52:14+00:00,10563.0,66.0,0.0,118.4,1296.87
2022-03-28,83.0,22980.0,2022-03-28 05:55:44+00:00,2022-03-28 12:18:44+00:00,12299.0,72.0,0.0,307.85,3141.23
2022-03-29,85.0,25020.0,2022-03-29 05:20:55+00:00,2022-03-29 12:17:55+00:00,10637.0,79.0,0.1,266.61,2701.1600000000003
2022-03-30,89.0,26460.0,2022-03-30 05:12:45+00:00,2022-03-30 12:33:45+00:00,14470.0,75.0,0.09,345.73,2782.5200000000004
2022-03-31,92.0,27780.0,2022-03-31 04:37:57+00:00,2022-03-31 12:20:57+00:00,10623.0,78.0,0.0,236.8,1688.7399999999998
2022-04-01,79.0,23220.0,2022-04-01 05:53:35+00:00,2022-04-01 12:20:35+00:00,10160.0,76.0,0.0,416.78,2549.8199999999997
2022-04-02,95.0,32040.0,2022-04-02 04:38:15+00:00,2022-04-02 13:32:15+00:00,9052.0,86.0,18.7,353.03,3491.310000000001
2022-04-03,91.0,30900.0,2022-04-03 05:27:11+00:00,2022-04-03 14:02:11+00:00,13263.0,87.0,0.0,388.43,3546.9699999999993
2022-04-04,91.0,31920.0,2022-04-04 03:25:31+00:00,2022-04-04 12:17:31+00:00,11604.0,86.0,0.0,483.09000000000003,3834.590000000001
2022-04-05,84.0,24960.0,2022-04-05 05:37:52+00:00,2022-04-05 12:33:52+00:00,12899.0,69.0,0.0,355.21000000000004,2708.620000000001
2022-04-06,90.0,28380.0,2022-04-06 04:23:13+00:00,2022-04-06 12:16:13+00:00,11532.0,75.0,0.15,304.4,2206.1
2022-04-07,90.0,28200.0,2022-04-07 04:41:22+00:00,2022-04-07 12:31:22+00:00,12809.0,70.0,0.0,231.12,2454.73
2022-04-08,90.0,27960.0,2022-04-08 05:16:13+00:00,2022-04-08 13:02:13+00:00,9193.0,73.0,0.0,307.85,3538.72
2022-04-09,96.0,27840.0,2022-04-09 05:44:00+00:00,2022-04-09 13:28:00+00:00,16746.0,78.0,0.0,378.98,3227.3299999999995
2022-04-10,94.0,30180.0,2022-04-10 05:37:43+00:00,2022-04-10 14:00:43+00:00,9867.0,86.0,0.0,118.4,2766.8500000000004
2022-04-11,83.0,34500.0,2022-04-11 02:41:58+00:00,2022-04-11 12:16:58+00:00,9207.0,88.0,0.0,478.11,3100.7699999999995
2022-04-12,90.0,25920.0,2022-04-12 05:03:39+00:00,2022-04-12 12:15:39+00:00,15058.0,87.0,0.0,434.12,2633.0600000000004
2022-04-13,89.0,27300.0,2022-04-13 04:47:07+00:00,2022-04-13 12:22:07+00:00,7636.0,88.0,0.02,356.98,3072.0400000000004
2022-04-14,92.0,29400.0,2022-04-14 04:51:28+00:00,2022-04-14 13:01:28+00:00,7386.0,86.0,0.0,468.88,4277.5599999999995
2022-04-15,80.0,23280.0,2022-04-15 06:02:40+00:00,2022-04-15 12:30:40+00:00,10468.0,86.0,0.0,581.5,4493.650000000001
2022-04-16,93.0,37800.0,2022-04-16 04:18:40+00:00,2022-04-16 14:48:40+00:00,14979.0,87.0,0.0,118.4,3904.3600000000006
2022-04-17,83.0,25800.0,2022-04-17 06:31:03+00:00,2022-04-17 13:41:03+00:00,10533.0,87.0,0.03,509.93999999999994,3894.54
2022-04-18,93.0,30180.0,2022-04-18 04:07:46+00:00,2022-04-18 12:30:46+00:00,9711.0,86.0,0.0,374.15000000000003,3628.33
2022-04-19,89.0,27180.0,2022-04-19 04:43:13+00:00,2022-04-19 12:16:13+00:00,13577.0,82.0,0.2,495.73,3539.82
2022-04-20,89.0,25860.0,2022-04-20 05:20:25+00:00,2022-04-20 12:31:25+00:00,10437.0,75.0,0.0,359.94000000000005,3465.739999999999
2022-04-21,88.0,28140.0,2022-04-21 04:26:51+00:00,2022-04-21 12:15:51+00:00,9399.0,62.0,0.0,322.39,2515.2599999999998
2022-04-22,85.0,23160.0,2022-04-22 05:51:42+00:00,2022-04-22 12:17:42+00:00,10506.0,63.0,0.3,285.89,2134.43
2022-04-23,78.0,20160.0,2022-04-23 05:23:47+00:00,2022-04-23 10:59:47+00:00,11562.0,69.0,0.09,273.55,1952.18
2022-04-24,96.0,36720.0,2022-04-24 03:16:05+00:00,2022-04-24 13:28:05+00:00,10512.0,70.0,0.0,308.65,2769.5999999999995
2022-04-25,89.0,29580.0,2022-04-25 04:03:30+00:00,2022-04-25 12:16:30+00:00,7879.0,69.0,0.0,644.92,3889.2400000000007
2022-04-26,91.0,29400.0,2022-04-26 04:08:27+00:00,2022-04-26 12:18:27+00:00,10792.0,75.0,0.0,118.4,1878.9900000000002
2022-04-27,82.0,24660.0,2022-04-27 05:46:04+00:00,2022-04-27 12:37:04+00:00,8098.0,68.0,3.27,473.68000000000006,3628.9
2022-04-28,83.0,23700.0,2022-04-28 05:38:32+00:00,2022-04-28 12:13:32+00:00,8474.0,59.0,6.23,284.17,2139.36
2022-04-29,79.0,28920.0,2022-04-29 05:51:22+00:00,2022-04-29 13:53:22+00:00,15366.0,63.0,6.44,192.81,1554.73
2022-04-30,87.0,26400.0,2022-04-30 04:42:13+00:00,2022-04-30 12:02:13+00:00,11033.0,58.0,3.14,334.41,2976.7400000000002
2022-05-01,89.0,24900.0,2022-05-01 05:08:28+00:00,2022-05-01 12:03:28+00:00,14812.0,51.0,0.02,286.98,1542.39
2022-05-02,95.0,31380.0,2022-05-02 03:39:50+00:00,2022-05-02 12:22:50+00:00,10513.0,62.0,0.0,389.17,3086.45
2022-05-03,83.0,26700.0,2022-05-03 04:55:49+00:00,2022-05-03 12:20:49+00:00,13667.0,63.0,0.17,406.7900000000001,3370.4500000000003
2022-05-04,89.0,27660.0,2022-05-04 04:38:18+00:00,2022-05-04 12:19:18+00:00,11390.0,75.0,0.0,142.08,1843.3000000000004
2022-05-05,89.0,25740.0,2022-05-05 05:21:03+00:00,2022-05-05 12:30:03+00:00,8026.0,76.0,0.0,284.17,2647.79
2022-05-06,87.0,28860.0,2022-05-06 04:48:46+00:00,2022-05-06 12:49:46+00:00,9454.0,83.0,0.0,481.52,3203.2599999999993
2022-05-07,96.0,29340.0,2022-05-07 05:17:57+00:00,2022-05-07 13:26:57+00:00,15035.0,83.0,0.0,118.4,2250.55
2022-05-08,94.0,30600.0,2022-05-08 04:59:13+00:00,2022-05-08 13:29:13+00:00,10517.0,86.0,0.0,310.62999999999994,2242.0899999999992
2022-05-09,91.0,27840.0,2022-05-09 04:32:40+00:00,2022-05-09 12:16:40+00:00,8227.0,88.0,0.0,355.21,2394.51
2022-05-10,94.0,28560.0,2022-05-10 04:50:27+00:00,2022-05-10 12:46:27+00:00,6860.0,87.0,0.04,377.81,2264.8199999999997
2022-05-11,86.0,27120.0,2022-05-11 05:10:10+00:00,2022-05-11 12:42:10+00:00,10775.0,83.0,2.32,236.8,2999.6899999999996
2022-05-12,81.0,22500.0,2022-05-12 06:17:39+00:00,2022-05-12 12:32:39+00:00,9613.0,80.0,0.0,341.8,3497.9700000000003
2022-05-13,87.0,27240.0,2022-05-13 05:01:03+00:00,2022-05-13 12:35:03+00:00,8311.0,83.0,0.0,412.03999999999996,3134.6499999999996
2022-05-14,92.0,31500.0,2022-05-14 05:25:08+00:00,2022-05-14 14:10:08+00:00,19739.0,87.0,18.68,195.04,3068.4300000000003
2022-05-15,93.0,30480.0,2022-05-15 05:16:26+00:00,2022-05-15 13:44:26+00:00,9502.0,83.0,0.0,365.48,3171.4199999999996
2022-05-16,90.0,28560.0,2022-05-16 04:20:45+00:00,2022-05-16 12:16:45+00:00,9332.0,90.0,0.0,369.42,2840.21
2022-05-17,82.0,27480.0,2022-05-17 04:38:55+00:00,2022-05-17 12:16:55+00:00,10938.0,92.0,0.0,390.73,3215.1799999999994
2022-05-18,88.0,25740.0,2022-05-18 05:07:58+00:00,2022-05-18 12:16:58+00:00,15819.0,93.0,0.0,246.28,3008.0199999999995
2022-05-20,92.0,26280.0,2022-05-20 05:04:52+00:00,2022-05-20 12:22:52+00:00,15009.0,96.0,0.0,473.77,3165.66
2022-05-21,80.0,27900.0,2022-05-21 07:04:39+00:00,2022-05-21 14:49:39+00:00,8970.0,95.0,0.13,286.43,2192.420000000001
2022-05-22,88.0,28140.0,2022-05-22 06:49:29+00:00,2022-05-22 14:38:29+00:00,14666.0,95.0,0.0,426.25,3108.8900000000003
2022-05-23,83.0,27660.0,2022-05-23 04:35:14+00:00,2022-05-23 12:16:14+00:00,8758.0,95.0,0.0,537.71,3561.4600000000005
2022-05-24,89.0,25980.0,2022-05-24 05:26:27+00:00,2022-05-24 12:39:27+00:00,14211.0,95.0,0.0,293.63,2225.7200000000007
2022-05-25,83.0,25080.0,2022-05-25 05:42:22+00:00,2022-05-25 12:40:22+00:00,10185.0,90.0,0.0,393.09000000000003,2682.58
2022-05-26,83.0,19860.0,2022-05-26 07:01:19+00:00,2022-05-26 12:32:19+00:00,9735.0,86.0,0.19,591.27,3005.4300000000003
2022-05-27,89.0,28020.0,2022-05-27 04:29:19+00:00,2022-05-27 12:16:19+00:00,7240.0,85.0,0.0,606.84,3971.5300000000007
2022-05-28,94.0,28860.0,2022-05-28 04:15:15+00:00,2022-05-28 12:16:15+00:00,15305.0,83.0,0.0,476.49,1828.7400000000002
2022-05-29,96.0,31980.0,2022-05-29 05:12:26+00:00,2022-05-29 14:05:26+00:00,6472.0,81.0,0.0,213.12,2662.2299999999996
2022-05-30,88.0,28980.0,2022-05-30 04:49:43+00:00,2022-05-30 12:52:43+00:00,17500.0,80.0,0.23,189.44,1798.27
2022-05-31,81.0,24540.0,2022-05-31 05:23:02+00:00,2022-05-31 12:12:02+00:00,9292.0,62.0,0.0,438.09000000000003,2960.35
2022-06-01,80.0,26160.0,2022-06-01 04:37:26+00:00,2022-06-01 11:53:26+00:00,9953.0,56.0,0.0,525.71,3745.9100000000003
2022-06-02,91.0,29160.0,2022-06-02 04:05:49+00:00,2022-06-02 12:11:49+00:00,10102.0,51.0,0.2,273.11,3764.01
2022-06-03,92.0,27780.0,2022-06-03 04:33:44+00:00,2022-06-03 12:16:44+00:00,8801.0,47.0,0.23,307.85,2449.78
2022-06-04,83.0,28380.0,2022-06-04 06:21:35+00:00,2022-06-04 14:14:35+00:00,11450.0,48.0,13.07,301.13,3529.74
2022-06-05,89.0,27060.0,2022-06-05 05:25:56+00:00,2022-06-05 12:56:56+00:00,18983.0,58.0,0.0,277.68,2504.33
2022-06-06,85.0,25020.0,2022-06-06 05:29:16+00:00,2022-06-06 12:26:16+00:00,10467.0,57.0,0.13,315.82,2924.7700000000004
2022-06-07,87.0,25800.0,2022-06-07 04:57:28+00:00,2022-06-07 12:07:28+00:00,8668.0,62.0,0.0,471.53,3498.43
2022-06-08,84.0,27060.0,2022-06-08 04:47:20+00:00,2022-06-08 12:18:20+00:00,8109.0,72.0,0.0,331.53,2552.83
2022-06-09,81.0,26820.0,2022-06-09 04:52:46+00:00,2022-06-09 12:19:46+00:00,15529.0,78.0,0.0,299.57,1620.2999999999997
2022-06-10,89.0,26040.0,2022-06-10 05:13:17+00:00,2022-06-10 12:27:17+00:00,9898.0,80.0,0.0,486.09999999999997,3408.0099999999998
2022-06-11,95.0,31140.0,2022-06-11 05:00:51+00:00,2022-06-11 13:39:51+00:00,11395.0,87.0,28.1,182.77,2781.33
